1/fdb-c-fb-b/7.7.7.7.1d5.7.7,"[1.0, 0.0, 1.0]"
2/feb-c-fb-b/7.7.7.2b4.1d5.7.7,"[0.9975579977035522, 0.0024420025292783976, 0.0, 0.0, -1.0]"
1/feb-c-fa-b/7.7.7.2b4.1df4.7.7,"[0.0016103059751912951, 0.0, 0.998389720916748, 0.0, 0.0, 0.0, 1.0]"
2/geb-c-fa-b/7.7.7.1ab4.1df4.7.7,"[0.9929412007331848, 0.002352941082790494, 0.002352941082790494, 0.002352941082790494, 0.0, 0.0, 0.0, 0.0, -1.0]"
1/geb-d-fa-b/7.7.7.1ab4.1dfd3.7.7,"[0.0029325513169169426, 0.0, 0.331378310918808, 0.3343108594417572, 0.331378310918808, 0.0, 0.0, 0.0, 0.0, 0.0, 1.0]"
2/geb-d-fb-b/7.7.7.fab4.1dfd3.7.7,"[0.5255712866783142, 0.4711643159389496, 0.001088139251805842, 0.001088139251805842, 0.001088139251805842, 0.0, 0.0, 0.0, 0.0, 0.0, 0.0, -1.0]"
1/geb-d-gb-b/7.7.7.fabe3.1dfd3.7.7,"[0.0013869625981897116, 0.9986130595207214, 0.0, 0.0, 0.0, 0.0, 0.0, 0.0, 0.0, 0.0, 0.0, 0.0, 1.0]"
2/geb-d-gbb/7.7.3g3.fabe3.gdfd3.7.7,"[0.0008361203945241868, 0.4364548623561859, 0.5501672029495239, 0.011705685406923294, 0.0008361203945241868, 0.0, 0.0, 0.0, 0.0, 0.0, 0.0, 0.0, 0.0, 0.0, -1.0]"
1/geb-d-gba/7.7.2gg3.fabe3.gdfd3.7.7,"[0.9468185901641846, 0.0, 0.05318138748407364, 0.0, 0.0, 0.0, 0.0, 0.0, 0.0, 0.0, 0.0, 0.0, 0.0, 0.0, 0.0, 0.0, 0.0, 0.0, 0.0, 1.0]"
2/geb-d-fba/7.7.1egg3.fabe3.gdfd3.7.7,"[0.9884259104728699, 0.002314814832061529, 0.0011574074160307646, 0.005787036847323179, 0.0011574074160307646, 0.0011574074160307646, 0.0, 0.0, 0.0, 0.0, 0.0, 0.0, 0.0, 0.0, 0.0, 0.0, 0.0, -1.0]"
1/eeb-d-fba/7.7.aegg3.fabe3.gdfd3.a6.7,"[0.0012004801537841558, 0.7983193397521973, 0.0, 0.20048019289970398, 0.0, 0.0, 0.0, 0.0, 0.0, 0.0, 0.0, 0.0, 0.0, 0.0, 0.0, 0.0, 0.0, 0.0, 1.0]"
2/eeb-d-dba/7.7.aegg3.fabee2.gdfde2.a6.7,"[0.0009970089886337519, 0.0009970089886337519, 0.19641076028347015, 0.07577268034219742, 0.632103681564331, 0.07577268034219742, 0.017946161329746246, 0.0, 0.0, 0.0, 0.0, 0.0, 0.0, 0.0, 0.0, 0.0, 0.0, 0.0, 0.0, 0.0, 0.0, 0.0, -1.0]"
1/deb-d-dba/7.3a3.aegg3.fabee2.gdfde2.a6.7,"[0.6452648639678955, 0.0, 0.0, 0.0, 0.0, 0.0, 0.0, 0.3547351658344269, 0.0, 0.0, 0.0, 0.0, 0.0, 0.0, 0.0, 0.0, 0.0, 0.0, 0.0, 0.0, 0.0, 0.0, 0.0, 0.0, 0.0, 0.0, 1.0]"
2/dee-d-dba/7.3a3.aeggc2.fabeec1.gdfde2.ac5.7,"[0.0008496176451444626, 0.0008496176451444626, 0.0008496176451444626, 0.0008496176451444626, 0.0008496176451444626, 0.0008496176451444626, 0.0008496176451444626, 0.0008496176451444626, 0.889549732208252, 0.0050977058708667755, 0.0008496176451444626, 0.09515717625617981, 0.0008496176451444626, 0.0008496176451444626, 0.0008496176451444626, 0.0, 0.0, 0.0, 0.0, 0.0, 0.0, 0.0, 0.0, 0.0, 0.0, 0.0, 0.0, 0.0, 0.0, 0.0, 0.0, 0.0, 0.0, 0.0, -1.0]"
1/dce-d-dba/7.3ab2.aeggc2.fabeec1.gdfdeb1.ac5.7,"[0.0010214505018666387, 0.0, 0.0, 0.0, 0.0, 0.9989785552024841, 0.0, 0.0, 0.0, 0.0, 0.0, 0.0, 0.0, 0.0, 0.0, 0.0, 0.0, 0.0, 0.0, 0.0, 0.0, 0.0, 0.0, 0.0, 0.0, 0.0, 0.0, 0.0, 0.0, 0.0, 0.0, 0.0, 0.0, 0.0, 1.0]"
2/dce-daba/7.3ab2.aeggce1.fabeec1.gdfdebe.ac5.e6,"[0.0036630036775022745, 0.0012210012646391988, 0.0024420025292783976, 0.0012210012646391988, 0.0024420025292783976, 0.0036630036775022745, 0.9523809552192688, 0.013431013561785221, 0.0036630036775022745, 0.0012210012646391988, 0.010989011265337467, 0.0036630036775022745, 0.0, 0.0, 0.0, 0.0, 0.0, 0.0, 0.0, 0.0, 0.0, 0.0, 0.0, 0.0, 0.0, 0.0, 0.0, 0.0, 0.0, 0.0, 0.0, 0.0, 0.0, 0.0, 0.0, 0.0, -1.0]"
1/dce-dab-c/7.3ab2.aeggce1.fabeec1.gdfdebe.acg4.eg5,"[0.0016103059751912951, 0.0, 0.0, 0.0, 0.0, 0.0, 0.0, 0.0, 0.0, 0.0, 0.0, 0.998389720916748, 0.0, 0.0, 0.0, 0.0, 0.0, 0.0, 0.0, 0.0, 0.0, 0.0, 0.0, 0.0, 0.0, 0.0, 0.0, 0.0, 0.0, 0.0, 0.0, 0.0, 0.0, 0.0, 0.0, 0.0, 0.0, 0.0, 0.0, 0.0, 1.0]"
2/dce-dad-c/7.3abf1.aeggce1.fabeec1.gdfdebe.acgf3.eg5,"[0.03448275849223137, 0.1551724076271057, 0.01206896547228098, 0.7275862097740173, 0.0017241379246115685, 0.017241379246115685, 0.0017241379246115685, 0.003448275849223137, 0.015517241321504116, 0.031034482643008232, 0.0, 0.0, 0.0, 0.0, 0.0, 0.0, 0.0, 0.0, 0.0, 0.0, 0.0, 0.0, 0.0, 0.0, 0.0, 0.0, 0.0, 0.0, 0.0, 0.0, 0.0, 0.0, 0.0, 0.0, 0.0, 0.0, 0.0, 0.0, -1.0]"
1/dca-dad-c/3cc2.2cabf1.aeggce1.fabeecc.gdfdebe.acgf3.eg5,"[0.0024271844886243343, 0.0, 0.0, 0.9247573018074036, 0.0, 0.0, 0.07281553745269775, 0.0, 0.0, 0.0, 0.0, 0.0, 0.0, 0.0, 0.0, 0.0, 0.0, 0.0, 0.0, 0.0, 0.0, 0.0, 0.0, 0.0, 0.0, 0.0, 0.0, 0.0, 0.0, 0.0, 0.0, 0.0, 0.0, 0.0, 0.0, 0.0, 0.0, 0.0, 0.0, 0.0, 0.0, 0.0, 0.0, 0.0, 0.0, 0.0, 0.0, 0.0, 0.0, 0.0, 0.0, 0.0, 0.0, 0.0, 0.0, 1.0]"
2/dcaaad-c/3cc2.1dcabf1.aeggce1.fabeecc.gdfdebe.acgfd2.egd4,"[0.0015948963118717074, 0.0015948963118717074, 0.0015948963118717074, 0.6315789222717285, 0.0015948963118717074, 0.0015948963118717074, 0.0015948963118717074, 0.0015948963118717074, 0.339712917804718, 0.0015948963118717074, 0.0015948963118717074, 0.0015948963118717074, 0.0015948963118717074, 0.0015948963118717074, 0.0015948963118717074, 0.0015948963118717074, 0.003189792623743415, 0.0015948963118717074, 0.0015948963118717074, 0.0, 0.0, 0.0, 0.0, 0.0, 0.0, 0.0, 0.0, 0.0, 0.0, 0.0, 0.0, 0.0, 0.0, 0.0, 0.0, 0.0, 0.0, 0.0, 0.0, 0.0, 0.0, 0.0, 0.0, 0.0, 0.0, 0.0, 0.0, 0.0, 0.0, 0.0, 0.0, 0.0, 0.0, 0.0, -1.0]"
1/acaaad-c/3cc2.adcabf1.aeggce1.fabeecc.gdfdebe.acgfda1.egda3,"[0.0016556291375309229, 0.0, 0.2682119309902191, 0.0, 0.0, 0.02152317948639393, 0.0, 0.0, 0.7086092829704285, 0.0, 0.0, 0.0, 0.0, 0.0, 0.0, 0.0, 0.0, 0.0, 0.0, 0.0, 0.0, 0.0, 0.0, 0.0, 0.0, 0.0, 0.0, 0.0, 0.0, 0.0, 0.0, 0.0, 0.0, 0.0, 0.0, 0.0, 0.0, 0.0, 0.0, 0.0, 0.0, 0.0, 0.0, 0.0, 0.0, 0.0, 0.0, 0.0, 0.0, 0.0, 0.0, 0.0, 0.0, 0.0, 0.0, 0.0, 1.0]"
2/adaaad-c/3cc2.adcabf1.aeggceb.fabeecc.gdfdebe.acgfda1.egda3,"[0.006122448947280645, 0.0020408162381500006, 0.006122448947280645, 0.004081632476300001, 0.004081632476300001, 0.1081632673740387, 0.014285714365541935, 0.0020408162381500006, 0.8265306353569031, 0.0020408162381500006, 0.0020408162381500006, 0.004081632476300001, 0.0020408162381500006, 0.0020408162381500006, 0.014285714365541935, 0.0, 0.0, 0.0, 0.0, 0.0, 0.0, 0.0, 0.0, 0.0, 0.0, 0.0, 0.0, 0.0, 0.0, 0.0, 0.0, 0.0, 0.0, 0.0, 0.0, 0.0, 0.0, 0.0, 0.0, 0.0, 0.0, 0.0, 0.0, 0.0, 0.0, 0.0, 0.0, 0.0, 0.0, 0.0, 0.0, 0.0, 0.0, 0.0, -1.0]"
1/adaaaa-c/3cc2.adcabff.aeggceb.fabeecc.gdfdebe.acgfdaf.egdaf2,"[0.0018903592135757208, 0.44801512360572815, 0.0, 0.0, 0.0, 0.0, 0.5500945448875427, 0.0, 0.0, 0.0, 0.0, 0.0, 0.0, 0.0, 0.0, 0.0, 0.0, 0.0, 0.0, 0.0, 0.0, 0.0, 0.0, 0.0, 0.0, 0.0, 0.0, 0.0, 0.0, 0.0, 0.0, 0.0, 0.0, 0.0, 0.0, 0.0, 0.0, 0.0, 0.0, 0.0, 0.0, 0.0, 0.0, 0.0, 0.0, 0.0, 0.0, 0.0, 0.0, 0.0, 0.0, 0.0, 0.0, 0.0, 1.0]"
2/adabaa-c/3cc2.adcabff.aeggceb.fabeecc.gdfdebe.acgfdaf.egdafd1,"[0.0015015015378594398, 0.006006006151437759, 0.0, 0.0, 0.0, 0.49699699878692627, 0.0, 0.0, 0.4954954981803894, 0.0, 0.0, 0.0, 0.0, 0.0, 0.0, 0.0, 0.0, 0.0, 0.0, 0.0, 0.0, 0.0, 0.0, 0.0, 0.0, 0.0, 0.0, 0.0, 0.0, 0.0, 0.0, 0.0, 0.0, 0.0, 0.0, 0.0, 0.0, 0.0, 0.0, 0.0, 0.0, 0.0, 0.0, 0.0, 0.0, 0.0, 0.0, 0.0, 0.0, 0.0, 0.0, 0.0, -1.0]"
1/aaabaa-c/2bccb1.adcabff.aeggceb.fabeecc.gdfdebe.acgfdaf.egdafdb,"[0.0021367522422224283, 0.0, 0.997863233089447, 0.0, 0.0, 0.0, 0.0, 0.0, 0.0, 0.0, 0.0, 0.0, 0.0, 0.0, 0.0, 0.0, 0.0, 0.0, 0.0, 0.0, 0.0, 0.0, 0.0, 0.0, 0.0, 0.0, 0.0, 0.0, 0.0, 0.0, 0.0, 0.0, 0.0, 0.0, 0.0, 0.0, 0.0, 0.0, 0.0, 0.0, 0.0, 0.0, 0.0, 0.0, 0.0, 0.0, 0.0, 0.0, 0.0, 0.0, 0.0, 0.0, 0.0, 0.0, 0.0, 0.0, 1.0]"
2/aaabaaa/1gbccbg.adcabff.aeggceb.fabeecc.gdfdebe.acgfdaf.egdafdb,"[0.003703703638166189, 0.9962962865829468, 0.0, 0.0, 0.0, 0.0, 0.0, 0.0, 0.0, 0.0, 0.0, 0.0, 0.0, 0.0, 0.0, 0.0, 0.0, 0.0, 0.0, 0.0, 0.0, 0.0, 0.0, 0.0, 0.0, 0.0, 0.0, 0.0, 0.0, 0.0, 0.0, 0.0, 0.0, 0.0, 0.0, 0.0, 0.0, 0.0, 0.0, 0.0, 0.0, 0.0, 0.0, 0.0, 0.0, 0.0, 0.0, 0.0, 0.0, 0.0, 0.0, 0.0, 0.0, 0.0, -1.0]"
1/aaaaaaa/dgbccbg.adcabff.aeggceb.fabeecc.gdfdebe.acgfdaf.egdafdb,"[0.35499998927116394, 0.4000000059604645, 0.12999999523162842, 0.11500000208616257, 0.0, 0.0, 0.0, 0.0, 0.0, 0.0, 0.0, 0.0, 0.0, 0.0, 0.0, 0.0, 0.0, 0.0, 0.0, 0.0, 0.0, 0.0, 0.0, 0.0, 0.0, 0.0, 0.0, 0.0, 0.0, 0.0, 0.0, 0.0, 0.0, 0.0, 0.0, 0.0, 0.0, 0.0, 0.0, 0.0, 0.0, 0.0, 0.0, 0.0, 0.0, 0.0, 0.0, 0.0, 0.0, 0.0, 0.0, 0.0, 0.0, 1.0]"
2/d-b-b-cdbb/7.3d3.7.7.7.7.7,"[1.0, 0.0, -1.0]"
1/d-b-b-cdab/7.3d3.3f3.7.7.7.7,"[0.0007917656330391765, 0.9992082118988037, 0.0, 0.0, 1.0]"
2/da-b-cdab/7.3d3.3f3.3b3.7.7.7,"[0.0009389671613462269, 0.9990610480308533, 0.0, 0.0, 0.0, -1.0]"
1/d-c-b-cdab/7.3d3.3f3.3bb2.3b3.7.7,"[0.0011534024961292744, 0.0, 0.9988465905189514, 0.0, 0.0, 0.0, 0.0, 0.0, 0.0, 1.0]"
2/d-c-b-cdad/7.3d3.3f3.3bbg1.3b3.3g3.7,"[0.0013850415125489235, 0.058171745389699936, 0.9252077341079712, 0.015235456638038158, 0.0, 0.0, 0.0, 0.0, 0.0, 0.0, 0.0, -1.0]"
1/c-c-b-cdad/7.3d3.3f3.3bbg1.3ba2.3g3.7,"[0.0779595747590065, 0.0779595747590065, 0.2521655559539795, 0.503368616104126, 0.08854667842388153, 0.0, 0.0, 0.0, 0.0, 0.0, 0.0, 0.0, 0.0, 1.0]"
2/e-c-b-cdad/7.3d3.3f3.3bbg1.3baa1.3ga2.7,"[0.0011441647075116634, 0.0011441647075116634, 0.0011441647075116634, 0.004576658830046654, 0.9610983729362488, 0.0011441647075116634, 0.029748283326625824, 0.0, 0.0, 0.0, 0.0, 0.0, 0.0, 0.0, 0.0, 0.0, 0.0, -1.0]"
1/d-c-b-cdad/7.3d3.3f3.3bbg1.3baa1.3gaa1.7,"[0.13285884261131287, 0.010676156729459763, 0.04389086738228798, 0.011862396262586117, 0.8007117509841919, 0.0, 0.0, 0.0, 0.0, 0.0, 0.0, 0.0, 0.0, 0.0, 0.0, 0.0, 1.0]"
2/d-c-b-bdad/7.3d3.3f3.3bbg1.3baa1.3gaad.7,"[0.002735978225246072, 0.11080711334943771, 0.002735978225246072, 0.001367989112623036, 0.001367989112623036, 0.8809849619865417, 0.0, 0.0, 0.0, 0.0, 0.0, 0.0, 0.0, 0.0, 0.0, 0.0, 0.0, 0.0, -1.0]"
1/d-d-b-bdad/7.3d3.3f3.3bbg1.2bbaa1.3gaad.7,"[0.4095449447631836, 0.0, 0.0, 0.0, 0.5904550552368164, 0.0, 0.0, 0.0, 0.0, 0.0, 0.0, 0.0, 0.0, 0.0, 0.0, 0.0, 0.0, 0.0, 0.0, 0.0, 1.0]"
2/d-da-bdad/7.3d3.3f3.3bbg1.2bbaa1.2cgaad.7,"[0.01840490847826004, 0.011247443966567516, 0.008179958909749985, 0.23108384013175964, 0.7177914381027222, 0.013292433694005013, 0.0, 0.0, 0.0, 0.0, 0.0, 0.0, 0.0, 0.0, 0.0, 0.0, 0.0, 0.0, 0.0, 0.0, -1.0]"
1/b-da-bdad/7.3d3.3f3.2abbg1.2bbaa1.2cgaad.2a4,"[0.0012820513220503926, 0.0, 0.0, 0.9987179636955261, 0.0, 0.0, 0.0, 0.0, 0.0, 0.0, 0.0, 0.0, 0.0, 0.0, 0.0, 0.0, 0.0, 0.0, 0.0, 0.0, 0.0, 0.0, 0.0, 1.0]"
2/b-ba-bdad/7.3d3.3fb2.2abbg1.2bbaa1.2cgaad.2ab3,"[0.022824537009000778, 0.01569186896085739, 0.024251069873571396, 0.8288159966468811, 0.008559200912714005, 0.03851640596985817, 0.01569186896085739, 0.019971469417214394, 0.0028530671261250973, 0.022824537009000778, 0.0, 0.0, 0.0, 0.0, 0.0, 0.0, 0.0, 0.0, 0.0, 0.0, 0.0, 0.0, 0.0, 0.0, 0.0, 0.0, 0.0, 0.0, -1.0]"
1/b-b-d-bdad/7.3d3.3fbc1.2abbg1.2bbaac.2cgaad.2abc2,"[0.0019801980815827847, 0.0, 0.0, 0.003960396163165569, 0.9940593838691711, 0.0, 0.0, 0.0, 0.0, 0.0, 0.0, 0.0, 0.0, 0.0, 0.0, 0.0, 0.0, 0.0, 0.0, 0.0, 0.0, 0.0, 0.0, 0.0, 0.0, 0.0, 0.0, 0.0, 0.0, 0.0, 0.0, 0.0, 0.0, 0.0, 1.0]"
2/b-b-d-bdbd/7.3d3.2ffbc1.2abbg1.2bbaac.2cgaad.2abc2,"[0.041860464960336685, 0.0325581394135952, 0.47441861033439636, 0.026356589049100876, 0.03875968977808952, 0.021705426275730133, 0.043410852551460266, 0.027906976640224457, 0.10387597233057022, 0.14418604969978333, 0.01860465109348297, 0.026356589049100876, 0.0, 0.0, 0.0, 0.0, 0.0, 0.0, 0.0, 0.0, 0.0, 0.0, 0.0, 0.0, 0.0, 0.0, 0.0, 0.0, 0.0, 0.0, 0.0, 0.0, 0.0, 0.0, -1.0]"
1/a-b-d-bdbd/7.3d3.2ffbc1.1aabbg1.2bbaac.2cgaad.2abc2,"[0.12056737393140793, 0.0, 0.0, 0.0, 0.0, 0.0, 0.0, 0.7907801270484924, 0.08865248411893845, 0.0, 0.0, 0.0, 0.0, 0.0, 0.0, 0.0, 0.0, 0.0, 0.0, 0.0, 0.0, 0.0, 0.0, 0.0, 0.0, 0.0, 0.0, 0.0, 0.0, 0.0, 0.0, 0.0, 0.0, 0.0, 0.0, 0.0, 0.0, 1.0]"
2/aa-d-bdbd/7.3d3.2ffbc1.1aabbg1.1bbbaac.2cgaad.2abc2,"[0.0026773761492222548, 0.0013386880746111274, 0.0053547522984445095, 0.00401606410741806, 0.02811245061457157, 0.2034805864095688, 0.02811245061457157, 0.0026773761492222548, 0.18340027332305908, 0.48862114548683167, 0.013386880978941917, 0.021419009193778038, 0.0013386880746111274, 0.0013386880746111274, 0.01472556870430708, 0.0, 0.0, 0.0, 0.0, 0.0, 0.0, 0.0, 0.0, 0.0, 0.0, 0.0, 0.0, 0.0, 0.0, 0.0, 0.0, 0.0, 0.0, 0.0, 0.0, 0.0, 0.0, 0.0, 0.0, -1.0]"
1/aa-d-bdad/7.2fd3.2ffbc1.1aabbg1.1bbbaac.2cgaad.2abc2,"[0.8058823347091675, 0.0, 0.0, 0.0, 0.0, 0.0, 0.0, 0.0, 0.19411765038967133, 0.0, 0.0, 0.0, 0.0, 0.0, 0.0, 0.0, 0.0, 0.0, 0.0, 0.0, 0.0, 0.0, 0.0, 0.0, 0.0, 0.0, 0.0, 0.0, 0.0, 0.0, 0.0, 0.0, 0.0, 0.0, 0.0, 0.0, 0.0, 0.0, 0.0, 0.0, 1.0]"
2/aa-d-bdae/7.2fdg2.2ffbc1.1aabbg1.1bbbaac.2cgaad.2abc2,"[0.009823182597756386, 0.9449901580810547, 0.0019646366126835346, 0.007858546450734138, 0.0019646366126835346, 0.0019646366126835346, 0.0019646366126835346, 0.0019646366126835346, 0.005893909838050604, 0.003929273225367069, 0.007858546450734138, 0.0019646366126835346, 0.0019646366126835346, 0.005893909838050604, 0.0, 0.0, 0.0, 0.0, 0.0, 0.0, 0.0, 0.0, 0.0, 0.0, 0.0, 0.0, 0.0, 0.0, 0.0, 0.0, 0.0, 0.0, 0.0, 0.0, 0.0, 0.0, 0.0, 0.0, 0.0, 0.0, -1.0]"
1/aa-d-baae/7.2fdg2.1effbc1.1aabbge.1bbbaac.1ecgaad.2abc2,"[0.003215434029698372, 0.0, 0.0, 0.0, 0.9967845678329468, 0.0, 0.0, 0.0, 0.0, 0.0, 0.0, 0.0, 0.0, 0.0, 0.0, 0.0, 0.0, 0.0, 0.0, 0.0, 0.0, 0.0, 0.0, 0.0, 0.0, 0.0, 0.0, 0.0, 0.0, 0.0, 0.0, 0.0, 0.0, 0.0, 0.0, 0.0, 0.0, 0.0, 0.0, 0.0, 0.0, 0.0, 0.0, 1.0]"
2/aa-dcaae/7.2fdg2.1effbcd.daabbge.1bbbaac.1ecgaad.2abcd1,"[0.0007342143799178302, 0.0007342143799178302, 0.0007342143799178302, 0.0007342143799178302, 0.0007342143799178302, 0.0007342143799178302, 0.045521292835474014, 0.8450807929039001, 0.08223201334476471, 0.0007342143799178302, 0.005873715039342642, 0.0007342143799178302, 0.0007342143799178302, 0.0007342143799178302, 0.009544786997139454, 0.0007342143799178302, 0.0007342143799178302, 0.0007342143799178302, 0.0007342143799178302, 0.0007342143799178302, 0.0007342143799178302, 0.0, 0.0, 0.0, 0.0, 0.0, 0.0, 0.0, 0.0, 0.0, 0.0, 0.0, 0.0, 0.0, 0.0, 0.0, 0.0, 0.0, 0.0, 0.0, 0.0, 0.0, 0.0, 0.0, 0.0, 0.0, 0.0, 0.0, 0.0, 0.0, 0.0, 0.0, 0.0, -1.0]"
1/aa-dca-ce/7.1ffdg2.1effbcd.daabbge.fbbbaac.1ecgaad.2abcd1,"[0.0008591065416112542, 0.9991409182548523, 0.0, 0.0, 0.0, 0.0, 0.0, 0.0, 0.0, 0.0, 0.0, 0.0, 0.0, 0.0, 0.0, 0.0, 0.0, 0.0, 0.0, 0.0, 0.0, 0.0, 0.0, 0.0, 0.0, 0.0, 0.0, 0.0, 0.0, 0.0, 0.0, 0.0, 0.0, 0.0, 0.0, 0.0, 0.0, 0.0, 0.0, 0.0, 0.0, 0.0, 0.0, 0.0, 0.0, 0.0, 0.0, 0.0, 0.0, 0.0, 0.0, 0.0, 0.0, 0.0, 0.0, 1.0]"
2/aaaca-ce/3c3.1ffdg2.1effbcd.daabbge.fbbbaac.cecgaad.1cabcd1,"[0.0010121457744389772, 0.0010121457744389772, 0.9767206311225891, 0.0010121457744389772, 0.0010121457744389772, 0.0010121457744389772, 0.0010121457744389772, 0.0010121457744389772, 0.0010121457744389772, 0.0010121457744389772, 0.0010121457744389772, 0.0010121457744389772, 0.0010121457744389772, 0.0010121457744389772, 0.0010121457744389772, 0.0010121457744389772, 0.0010121457744389772, 0.0010121457744389772, 0.0010121457744389772, 0.0010121457744389772, 0.0010121457744389772, 0.0010121457744389772, 0.0010121457744389772, 0.0010121457744389772, 0.0, 0.0, 0.0, 0.0, 0.0, 0.0, 0.0, 0.0, 0.0, 0.0, 0.0, 0.0, 0.0, 0.0, 0.0, 0.0, 0.0, 0.0, 0.0, 0.0, 0.0, 0.0, 0.0, 0.0, 0.0, 0.0, 0.0, 0.0, 0.0, 0.0, 0.0, 0.0, 0.0, 0.0, 0.0, 0.0, 0.0, -1.0]"
1/aaaca-ca/3cg2.1ffdgg1.1effbcd.daabbge.fbbbaac.cecgaad.gcabcdg,"[0.001010101055726409, 0.0, 0.0, 0.0, 0.7969697117805481, 0.0, 0.0, 0.001010101055726409, 0.0, 0.0, 0.0, 0.0, 0.2010101079940796, 0.0, 0.0, 0.0, 0.0, 0.0, 0.0, 0.0, 0.0, 0.0, 0.0, 0.0, 0.0, 0.0, 0.0, 0.0, 0.0, 0.0, 0.0, 0.0, 0.0, 0.0, 0.0, 0.0, 0.0, 0.0, 0.0, 0.0, 0.0, 0.0, 0.0, 0.0, 0.0, 0.0, 0.0, 0.0, 0.0, 0.0, 0.0, 0.0, 0.0, 0.0, 0.0, 0.0, 0.0, 0.0, 0.0, 0.0, 0.0, 1.0]"
2/aaacc-ca/3cge1.1ffdgge.1effbcd.daabbge.fbbbaac.cecgaad.gcabcdg,"[0.0012626262614503503, 0.0, 0.9987373948097229, 0.0, 0.0, 0.0, 0.0, 0.0, 0.0, 0.0, 0.0, 0.0, 0.0, 0.0, 0.0, 0.0, 0.0, 0.0, 0.0, 0.0, 0.0, 0.0, 0.0, 0.0, 0.0, 0.0, 0.0, 0.0, 0.0, 0.0, 0.0, 0.0, 0.0, 0.0, 0.0, 0.0, 0.0, 0.0, 0.0, 0.0, 0.0, 0.0, 0.0, 0.0, 0.0, 0.0, 0.0, 0.0, 0.0, 0.0, 0.0, 0.0, -1.0]"
1/aaaac-ca/2dcge1.1ffdgge.deffbcd.daabbge.fbbbaac.cecgaad.gcabcdg,"[0.001683501643128693, 0.9983165264129639, 0.0, 0.0, 0.0, 0.0, 0.0, 0.0, 0.0, 0.0, 0.0, 0.0, 0.0, 0.0, 0.0, 0.0, 0.0, 0.0, 0.0, 0.0, 0.0, 0.0, 0.0, 0.0, 0.0, 0.0, 0.0, 0.0, 0.0, 0.0, 0.0, 0.0, 0.0, 0.0, 0.0, 0.0, 0.0, 0.0, 0.0, 0.0, 0.0, 0.0, 0.0, 0.0, 0.0, 0.0, 0.0, 0.0, 0.0, 0.0, 0.0, 0.0, 0.0, 0.0, 0.0, 1.0]"
2/aaaacaa/1fdcge1.fffdgge.deffbcd.daabbge.fbbbaac.cecgaad.gcabcdg,"[0.0025252525229007006, 0.997474730014801, 0.0, 0.0, 0.0, 0.0, 0.0, 0.0, 0.0, 0.0, 0.0, 0.0, 0.0, 0.0, 0.0, 0.0, 0.0, 0.0, 0.0, 0.0, 0.0, 0.0, 0.0, 0.0, 0.0, 0.0, 0.0, 0.0, 0.0, 0.0, 0.0, 0.0, 0.0, 0.0, 0.0, 0.0, 0.0, 0.0, 0.0, 0.0, 0.0, 0.0, 0.0, 0.0, 0.0, 0.0, 0.0, 0.0, 0.0, 0.0, 0.0, 0.0, 0.0, 0.0, 0.0, 0.0, -1.0]"
1/aaaaaaa/efdcgee.fffdgge.deffbcd.daabbge.fbbbaac.cecgaad.gcabcdg,"[0.014999999664723873, 0.9850000143051147, 0.0, 0.0, 0.0, 0.0, 0.0, 0.0, 0.0, 0.0, 0.0, 0.0, 0.0, 0.0, 0.0, 0.0, 0.0, 0.0, 0.0, 0.0, 0.0, 0.0, 0.0, 0.0, 0.0, 0.0, 0.0, 0.0, 0.0, 0.0, 0.0, 0.0, 0.0, 0.0, 0.0, 0.0, 0.0, 0.0, 0.0, 0.0, 0.0, 0.0, 0.0, 0.0, 0.0, 0.0, 0.0, 0.0, 0.0, 0.0, 0.0, 0.0, 0.0, 0.0, 0.0, 1.0]"
1/-dbb-b-b-bc/7.7.7.4g2.7.7.7,"[1.0, 0.0, -1.0]"
2/-dbc-b-b-bc/7.7.4c2.4g2.7.7.7,"[0.5, 0.5, 0.0, 0.0, 1.0]"
1/-dbc-b-b-cc/7.7.4c2.4g2.4f2.7.7,"[0.0011415524641051888, 0.9988584518432617, 0.0, 0.0, 0.0, -1.0]"
2/-dbc-b-b-cd/7.7.4c2.4g2.3gf2.7.7,"[0.0014749262481927872, 0.998525083065033, 0.0, 0.0, 0.0, 0.0, 0.0, 1.0]"
1/-ebc-b-b-cd/7.7.4c2.3ag2.3gf2.7.7,"[0.001054852269589901, 0.50527423620224, 0.010548523627221584, 0.4831223487854004, 0.0, 0.0, 0.0, 0.0, 0.0, -1.0]"
2/-ebc-ba-cd/7.7.4c2.3ag2.3gf2.5e1.7,"[0.0012610340490937233, 0.0, 0.054224465042352676, 0.0, 0.9445145130157471, 0.0, 0.0, 0.0, 0.0, 0.0, 0.0, 1.0]"
1/-e-bc-ba-cd/7.7.3bc2.3ag2.2bgf2.5e1.7,"[0.0016666667070239782, 0.9900000095367432, 0.0016666667070239782, 0.0016666667070239782, 0.0016666667070239782, 0.0033333334140479565, 0.0, 0.0, 0.0, 0.0, 0.0, 0.0, 0.0, 0.0, -1.0]"
2/-c-bc-ba-cd/7.7.3bc2.2aag2.1abgf2.5e1.7,"[0.13203462958335876, 0.0, 0.0, 0.8679653406143188, 0.0, 0.0, 0.0, 0.0, 0.0, 0.0, 0.0, 0.0, 0.0, 0.0, 0.0, 0.0, 0.0, 1.0]"
1/-c-cc-ba-cd/7.7.2bbc2.2aag2.1abgf2.5e1.7,"[0.513671875, 0.0078125, 0.001953125, 0.001953125, 0.474609375, 0.0, 0.0, 0.0, 0.0, 0.0, 0.0, 0.0, 0.0, 0.0, 0.0, 0.0, -1.0]"
2/-c-cc-baad/7.7.2bbc2.2aag2.1abgff1.4fe1.7,"[0.0028818442951887846, 0.0, 0.0, 0.05475504323840141, 0.9020172953605652, 0.040345821529626846, 0.0, 0.0, 0.0, 0.0, 0.0, 0.0, 0.0, 0.0, 0.0, 0.0, 0.0, 0.0, 0.0, 0.0, 1.0]"
1/-c-dc-baad/7.7.2bbc2.2aag2.1abgff1.3bfe1.7,"[0.2442121058702469, 0.5653472542762756, 0.0007468260009773076, 0.0007468260009773076, 0.01045556366443634, 0.11053024977445602, 0.06796116381883621, 0.0, 0.0, 0.0, 0.0, 0.0, 0.0, 0.0, 0.0, 0.0, 0.0, 0.0, 0.0, 0.0, 0.0, -1.0]"
2/-c-dc-babd/7.7.2bbc2.2aagf1.1abgff1.3bfe1.7,"[0.003496503457427025, 0.0, 0.0, 0.996503472328186, 0.0, 0.0, 0.0, 0.0, 0.0, 0.0, 0.0, 0.0, 0.0, 0.0, 0.0, 0.0, 0.0, 0.0, 0.0, 0.0, 0.0, 0.0, 1.0]"
1/-c-dc-babb/7.7.2bbc2.1gaagf1.1abgff1.2gbfe1.7,"[0.2325996458530426, 0.003569304011762142, 0.009518143720924854, 0.562165379524231, 0.005353956017643213, 0.17132659256458282, 0.009518143720924854, 0.005948840174823999, 0.0, 0.0, 0.0, 0.0, 0.0, 0.0, 0.0, 0.0, 0.0, 0.0, 0.0, 0.0, 0.0, 0.0, 0.0, 0.0, 0.0, -1.0]"
2/-b-dc-babb/7.7.1abbc2.1gaagf1.1abgff1.2gbfe1.7,"[0.8646441102027893, 0.0, 0.0, 0.09568261355161667, 0.0, 0.03967327997088432, 0.0, 0.0, 0.0, 0.0, 0.0, 0.0, 0.0, 0.0, 0.0, 0.0, 0.0, 0.0, 0.0, 0.0, 0.0, 0.0, 0.0, 0.0, 0.0, 1.0]"
1/-b-da-babb/7.7.1abbcc1.1gaagf1.1abgff1.1cgbfe1.7,"[0.002612671349197626, 0.005225342698395252, 0.9895493388175964, 0.0006531678372994065, 0.0019595036283135414, 0.0, 0.0, 0.0, 0.0, 0.0, 0.0, 0.0, 0.0, 0.0, 0.0, 0.0, 0.0, 0.0, 0.0, 0.0, 0.0, 0.0, 0.0, 0.0, 0.0, -1.0]"
2/-b-da-bacb/7.7.1abbcc1.1gaagf1.1abgff1.1cgbfef.7,"[0.002247191034257412, 0.0, 0.0, 0.0, 0.9977527856826782, 0.0, 0.0, 0.0, 0.0, 0.0, 0.0, 0.0, 0.0, 0.0, 0.0, 0.0, 0.0, 0.0, 0.0, 0.0, 0.0, 0.0, 0.0, 0.0, 0.0, 0.0, 1.0]"
1/-b-da-b-bcb/7.3e3.1abbcc1.1gaagf1.1abgff1.1cgbfef.7,"[0.9810017347335815, 0.0025906735099852085, 0.0008635578560642898, 0.0008635578560642898, 0.011226251721382141, 0.0034542314242571592, 0.0, 0.0, 0.0, 0.0, 0.0, 0.0, 0.0, 0.0, 0.0, 0.0, 0.0, 0.0, 0.0, 0.0, 0.0, 0.0, 0.0, 0.0, 0.0, 0.0, 0.0, 0.0, -1.0]"
2/-baa-b-bcb/7.2be3.babbcc1.1gaagf1.1abgff1.1cgbfef.6b,"[0.0010416667209938169, 0.0, 0.9989583492279053, 0.0, 0.0, 0.0, 0.0, 0.0, 0.0, 0.0, 0.0, 0.0, 0.0, 0.0, 0.0, 0.0, 0.0, 0.0, 0.0, 0.0, 0.0, 0.0, 0.0, 0.0, 0.0, 0.0, 0.0, 0.0, 0.0, 0.0, 0.0, 0.0, 0.0, 0.0, 0.0, 0.0, 0.0, 1.0]"
1/-baa-d-bcb/7.1dbe3.babbcc1.dgaagf1.1abgff1.1cgbfef.6b,"[0.0008992805960588157, 0.6843525171279907, 0.0008992805960588157, 0.0017985611921176314, 0.0026978417299687862, 0.0008992805960588157, 0.0008992805960588157, 0.0008992805960588157, 0.30305755138397217, 0.0008992805960588157, 0.0026978417299687862, 0.0, 0.0, 0.0, 0.0, 0.0, 0.0, 0.0, 0.0, 0.0, 0.0, 0.0, 0.0, 0.0, 0.0, 0.0, 0.0, 0.0, 0.0, 0.0, 0.0, 0.0, 0.0, 0.0, 0.0, 0.0, 0.0, 0.0, -1.0]"
2/-baa-b-bcb/7.1dbe3.babbcc1.dgaagf1.dabgffd.1cgbfef.6b,"[0.10425311326980591, 0.0, 0.11670124530792236, 0.0, 0.0, 0.0, 0.012966805137693882, 0.0, 0.24740663170814514, 0.0, 0.47354772686958313, 0.0, 0.04512448236346245, 0.0, 0.0, 0.0, 0.0, 0.0, 0.0, 0.0, 0.0, 0.0, 0.0, 0.0, 0.0, 0.0, 0.0, 0.0, 0.0, 0.0, 0.0, 0.0, 0.0, 0.0, 0.0, 0.0, 0.0, 0.0, 0.0, 0.0, 0.0, 0.0, 0.0, 1.0]"
1/-baa-b-bc-b/2g4.gdbe3.babbcc1.dgaagf1.dabgffd.1cgbfef.6b,"[0.000567859155125916, 0.981828510761261, 0.000567859155125916, 0.000567859155125916, 0.000567859155125916, 0.000567859155125916, 0.000567859155125916, 0.01306076068431139, 0.000567859155125916, 0.000567859155125916, 0.000567859155125916, 0.0, 0.0, 0.0, 0.0, 0.0, 0.0, 0.0, 0.0, 0.0, 0.0, 0.0, 0.0, 0.0, 0.0, 0.0, 0.0, 0.0, 0.0, 0.0, 0.0, 0.0, 0.0, 0.0, 0.0, 0.0, 0.0, 0.0, 0.0, 0.0, 0.0, 0.0, -1.0]"
2/baa-b-bc-b/2g4.gdbea2.babbcc1.dgaagf1.dabgffd.1cgbfef.5ab,"[0.0044614402577281, 0.0, 0.0, 0.0, 0.9955385327339172, 0.0, 0.0, 0.0, 0.0, 0.0, 0.0, 0.0, 0.0, 0.0, 0.0, 0.0, 0.0, 0.0, 0.0, 0.0, 0.0, 0.0, 0.0, 0.0, 0.0, 0.0, 0.0, 0.0, 0.0, 0.0, 0.0, 0.0, 0.0, 0.0, 0.0, 0.0, 0.0, 0.0, 0.0, 0.0, 0.0, 0.0, 0.0, 0.0, 0.0, 0.0, 1.0]"
1/baa-b-ba-b/2g4.gdbea2.babbcc1.dgaagff.dabgffd.fcgbfef.5ab,"[0.0007235889788717031, 0.0021707669366151094, 0.0007235889788717031, 0.0007235889788717031, 0.0007235889788717031, 0.0007235889788717031, 0.0007235889788717031, 0.9913169145584106, 0.0007235889788717031, 0.0007235889788717031, 0.0007235889788717031, 0.0, 0.0, 0.0, 0.0, 0.0, 0.0, 0.0, 0.0, 0.0, 0.0, 0.0, 0.0, 0.0, 0.0, 0.0, 0.0, 0.0, 0.0, 0.0, 0.0, 0.0, 0.0, 0.0, 0.0, 0.0, 0.0, 0.0, 0.0, 0.0, 0.0, 0.0, 0.0, 0.0, 0.0, 0.0, -1.0]"
2/bac-b-ba-b/1cg4.gdbea2.babbccc.dgaagff.dabgffd.fcgbfef.5ab,"[0.00252951099537313, 0.997470498085022, 0.0, 0.0, 0.0, 0.0, 0.0, 0.0, 0.0, 0.0, 0.0, 0.0, 0.0, 0.0, 0.0, 0.0, 0.0, 0.0, 0.0, 0.0, 0.0, 0.0, 0.0, 0.0, 0.0, 0.0, 0.0, 0.0, 0.0, 0.0, 0.0, 0.0, 0.0, 0.0, 0.0, 0.0, 0.0, 0.0, 0.0, 0.0, 0.0, 0.0, 0.0, 0.0, 0.0, 0.0, 0.0, 0.0, 1.0]"
1/bac-b-da-b/1cg4.gdbeae1.babbccc.dgaagff.dabgffd.fcgbfef.4eab,"[0.0009813542710617185, 0.0009813542710617185, 0.0009813542710617185, 0.022571148350834846, 0.0009813542710617185, 0.0009813542710617185, 0.9685966372489929, 0.0009813542710617185, 0.0009813542710617185, 0.0009813542710617185, 0.0009813542710617185, 0.0, 0.0, 0.0, 0.0, 0.0, 0.0, 0.0, 0.0, 0.0, 0.0, 0.0, 0.0, 0.0, 0.0, 0.0, 0.0, 0.0, 0.0, 0.0, 0.0, 0.0, 0.0, 0.0, 0.0, 0.0, 0.0, 0.0, 0.0, 0.0, 0.0, 0.0, 0.0, 0.0, 0.0, 0.0, 0.0, 0.0, 0.0, 0.0, -1.0]"
2/bac-baa-b/ecg4.gdbeaee.babbccc.dgaagff.dabgffd.fcgbfef.3eeab,"[0.002433090005069971, 0.0, 0.9975669384002686, 0.0, 0.0, 0.0, 0.0, 0.0, 0.0, 0.0, 0.0, 0.0, 0.0, 0.0, 0.0, 0.0, 0.0, 0.0, 0.0, 0.0, 0.0, 0.0, 0.0, 0.0, 0.0, 0.0, 0.0, 0.0, 0.0, 0.0, 0.0, 0.0, 0.0, 0.0, 0.0, 0.0, 0.0, 0.0, 0.0, 0.0, 0.0, 0.0, 0.0, 0.0, 0.0, 0.0, 0.0, 0.0, 0.0, 0.0, 0.0, 0.0, 1.0]"
1/baa-baa-b/ecgc3.gdbeaee.babbccc.dgaagff.dabgffd.fcgbfef.2ceeab,"[0.0013550135772675276, 0.0013550135772675276, 0.14769648015499115, 0.8441734313964844, 0.0013550135772675276, 0.0013550135772675276, 0.0013550135772675276, 0.0013550135772675276, 0.0, 0.0, 0.0, 0.0, 0.0, 0.0, 0.0, 0.0, 0.0, 0.0, 0.0, 0.0, 0.0, 0.0, 0.0, 0.0, 0.0, 0.0, 0.0, 0.0, 0.0, 0.0, 0.0, 0.0, 0.0, 0.0, 0.0, 0.0, 0.0, 0.0, 0.0, 0.0, 0.0, 0.0, 0.0, 0.0, 0.0, 0.0, 0.0, 0.0, 0.0, 0.0, 0.0, 0.0, -1.0]"
2/baa-baaa/ecgc3.gdbeaee.babbccc.dgaagff.dabgffd.fcgbfef.1gceeab,"[0.12214983999729156, 0.0, 0.0, 0.0, 0.0, 0.8778501749038696, 0.0, 0.0, 0.0, 0.0, 0.0, 0.0, 0.0, 0.0, 0.0, 0.0, 0.0, 0.0, 0.0, 0.0, 0.0, 0.0, 0.0, 0.0, 0.0, 0.0, 0.0, 0.0, 0.0, 0.0, 0.0, 0.0, 0.0, 0.0, 0.0, 0.0, 0.0, 0.0, 0.0, 0.0, 0.0, 0.0, 0.0, 0.0, 0.0, 0.0, 0.0, 0.0, 0.0, 0.0, 0.0, 0.0, 1.0]"
1/baa-caaa/ecgcd2.gdbeaee.babbccc.dgaagff.dabgffd.fcgbfef.1gceeab,"[0.02575107291340828, 0.0, 0.8905579447746277, 0.0, 0.0, 0.08369098603725433, 0.0, 0.0, 0.0, 0.0, 0.0, 0.0, 0.0, 0.0, 0.0, 0.0, 0.0, 0.0, 0.0, 0.0, 0.0, 0.0, 0.0, 0.0, 0.0, 0.0, 0.0, 0.0, 0.0, 0.0, 0.0, 0.0, 0.0, 0.0, 0.0, 0.0, 0.0, 0.0, 0.0, 0.0, 0.0, 0.0, 0.0, 0.0, 0.0, 0.0, 0.0, 0.0, 0.0, 0.0, 0.0, 0.0, 0.0, -1.0]"
2/baaaaaa/ecgcdd1.gdbeaee.babbccc.dgaagff.dabgffd.fcgbfef.dgceeab,"[0.0037313431967049837, 0.0, 0.0, 0.996268630027771, 0.0, 0.0, 0.0, 0.0, 0.0, 0.0, 0.0, 0.0, 0.0, 0.0, 0.0, 0.0, 0.0, 0.0, 0.0, 0.0, 0.0, 0.0, 0.0, 0.0, 0.0, 0.0, 0.0, 0.0, 0.0, 0.0, 0.0, 0.0, 0.0, 0.0, 0.0, 0.0, 0.0, 0.0, 0.0, 0.0, 0.0, 0.0, 0.0, 0.0, 0.0, 0.0, 0.0, 0.0, 0.0, 0.0, 0.0, 0.0, 0.0, 0.0, 0.0, 1.0]"
1/aaaaaaa/ecgcdda.gdbeaee.babbccc.dgaagff.dabgffd.fcgbfef.dgceeab,"[0.6549999713897705, 0.3449999988079071, 0.0, 0.0, 0.0, 0.0, 0.0, 0.0, 0.0, 0.0, 0.0, 0.0, 0.0, 0.0, 0.0, 0.0, 0.0, 0.0, 0.0, 0.0, 0.0, 0.0, 0.0, 0.0, 0.0, 0.0, 0.0, 0.0, 0.0, 0.0, 0.0, 0.0, 0.0, 0.0, 0.0, 0.0, 0.0, 0.0, 0.0, 0.0, 0.0, 0.0, 0.0, 0.0, 0.0, 0.0, 0.0, 0.0, 0.0, 0.0, 0.0, 0.0, 0.0, -1.0]"
2/c-d-bd-dd-b/7.7.3a3.7.7.7.7,"[1.0, 0.0, 1.0]"
1/c-d-bd-dd-c/7.7.3a3.3g3.7.7.7,"[0.00319488812237978, 0.9968051314353943, 0.0, 0.0, -1.0]"
2/d-d-bd-dd-c/7.7.3a3.3g3.3a3.7.7,"[0.3333333432674408, 0.3333333432674408, 0.3333333432674408, 0.0, 0.0, 0.0, 1.0]"
1/d-d-bd-db-c/7.7.3a3.3gf2.3af2.7.7,"[0.0023041474632918835, 0.0023041474632918835, 0.3317972421646118, 0.32949307560920715, 0.0023041474632918835, 0.3317972421646118, 0.0, 0.0, 0.0, 0.0, 0.0, -1.0]"
2/d-dbd-db-c/7.7.3ac2.2cgf2.3af2.7.7,"[0.0042372881434857845, 0.0, 0.0, 0.9957627058029175, 0.0, 0.0, 0.0, 0.0, 0.0, 0.0, 0.0, 0.0, 0.0, 0.0, 1.0]"
1/d-dbd-eb-c/7.7.3ac2.2cgf2.2eaf2.7.7,"[0.0019193857442587614, 0.0, 0.0019193857442587614, 0.9251439571380615, 0.07101727277040482, 0.0, 0.0, 0.0, 0.0, 0.0, 0.0, 0.0, 0.0, 0.0, -1.0]"
2/d-dbd-cb-c/7.7.2eac2.1ecgf2.2eaf2.7.7,"[0.0014388489071279764, 0.4633093476295471, 0.28489208221435547, 0.0014388489071279764, 0.0014388489071279764, 0.002877697814255953, 0.24172662198543549, 0.0014388489071279764, 0.0014388489071279764, 0.0, 0.0, 0.0, 0.0, 0.0, 0.0, 0.0, 0.0, 0.0, 0.0, 1.0]"
1/a-dbd-cb-c/7.7.1aeac2.1ecgfa1.1aeaf2.7.7,"[0.006557377055287361, 0.05409836024045944, 0.8131147623062134, 0.04754098504781723, 0.0016393442638218403, 0.009836065582931042, 0.0590163916349411, 0.006557377055287361, 0.0016393442638218403, 0.0, 0.0, 0.0, 0.0, 0.0, 0.0, 0.0, 0.0, 0.0, 0.0, 0.0, 0.0, 0.0, -1.0]"
2/aabd-cb-c/7.7.1aeac2.becgfa1.baeafb1.7.7,"[0.001287001301534474, 0.006435006391257048, 0.001287001301534474, 0.0038610037881881, 0.0077220075763762, 0.5289575457572937, 0.44144144654273987, 0.001287001301534474, 0.001287001301534474, 0.0038610037881881, 0.002574002603068948, 0.0, 0.0, 0.0, 0.0, 0.0, 0.0, 0.0, 0.0, 0.0, 0.0, 0.0, 0.0, 0.0, 0.0, 0.0, 0.0, 1.0]"
1/aa-cd-cb-c/7.2c4.caeacc1.becgfa1.baeafb1.7.7,"[0.0016891892300918698, 0.0016891892300918698, 0.9763513803482056, 0.00844594556838274, 0.0016891892300918698, 0.0016891892300918698, 0.0016891892300918698, 0.0016891892300918698, 0.0016891892300918698, 0.0033783784601837397, 0.0, 0.0, 0.0, 0.0, 0.0, 0.0, 0.0, 0.0, 0.0, 0.0, 0.0, 0.0, 0.0, 0.0, 0.0, 0.0, 0.0, 0.0, 0.0, -1.0]"
2/aa-ce-cb-c/7.1dc4.caeacc1.becgfa1.baeafb1.7.7,"[0.9334917068481445, 0.0, 0.0, 0.06650831550359726, 0.0, 0.0, 0.0, 0.0, 0.0, 0.0, 0.0, 0.0, 0.0, 0.0, 0.0, 0.0, 0.0, 0.0, 0.0, 0.0, 0.0, 0.0, 0.0, 0.0, 0.0, 0.0, 0.0, 0.0, 0.0, 0.0, 0.0, 1.0]"
1/aa-ce-db-c/7.1dce3.caeacc1.becgfa1.baeafb1.7.7,"[0.001792114693671465, 0.3978494703769684, 0.001792114693671465, 0.43189963698387146, 0.001792114693671465, 0.01433691754937172, 0.12007168680429459, 0.030465949326753616, 0.0, 0.0, 0.0, 0.0, 0.0, 0.0, 0.0, 0.0, 0.0, 0.0, 0.0, 0.0, 0.0, 0.0, 0.0, 0.0, 0.0, 0.0, 0.0, 0.0, 0.0, -1.0]"
2/aa-ce-dba/7.gdceg2.caeacc1.becgfa1.baeafb1.7.7,"[0.0027777778450399637, 0.9972222447395325, 0.0, 0.0, 0.0, 0.0, 0.0, 0.0, 0.0, 0.0, 0.0, 0.0, 0.0, 0.0, 0.0, 0.0, 0.0, 0.0, 0.0, 0.0, 0.0, 0.0, 0.0, 0.0, 0.0, 0.0, 0.0, 0.0, 0.0, 0.0, 1.0]"
1/aa-cc-dba/7.gdcegd1.caeacc1.becgfa1.baeafb1.2d4.7,"[0.025806451216340065, 0.0370967723429203, 0.2596774101257324, 0.029032258316874504, 0.5306451320648193, 0.03387096896767616, 0.08387096971273422, 0.0, 0.0, 0.0, 0.0, 0.0, 0.0, 0.0, 0.0, 0.0, 0.0, 0.0, 0.0, 0.0, 0.0, 0.0, 0.0, 0.0, 0.0, 0.0, 0.0, 0.0, 0.0, 0.0, 0.0, 0.0, -1.0]"
2/aaac-dba/7.gdcegdc.caeaccc.becgfa1.baeafb1.2d4.7,"[0.002369668334722519, 0.0, 0.9976303577423096, 0.0, 0.0, 0.0, 0.0, 0.0, 0.0, 0.0, 0.0, 0.0, 0.0, 0.0, 0.0, 0.0, 0.0, 0.0, 0.0, 0.0, 0.0, 0.0, 0.0, 0.0, 0.0, 0.0, 0.0, 0.0, 0.0, 0.0, 0.0, 0.0, 0.0, 0.0, 0.0, 1.0]"
1/aaac-d-ba/2f4.gdcegdc.caeaccc.becgfa1.baeafb1.1fd4.7,"[0.0018939394503831863, 0.4223484992980957, 0.0018939394503831863, 0.005681818351149559, 0.0018939394503831863, 0.005681818351149559, 0.028409091755747795, 0.4640151560306549, 0.06439393758773804, 0.0018939394503831863, 0.0018939394503831863, 0.0, 0.0, 0.0, 0.0, 0.0, 0.0, 0.0, 0.0, 0.0, 0.0, 0.0, 0.0, 0.0, 0.0, 0.0, 0.0, 0.0, 0.0, 0.0, 0.0, 0.0, 0.0, 0.0, 0.0, 0.0, 0.0, 0.0, 0.0, 0.0, -1.0]"
2/aaac-d-bc/1gf4.gdcegdc.caeaccc.becgfa1.baeafb1.1fdg3.7,"[0.0010010009864345193, 0.0, 0.6696696877479553, 0.32932934165000916, 0.0, 0.0, 0.0, 0.0, 0.0, 0.0, 0.0, 0.0, 0.0, 0.0, 0.0, 0.0, 0.0, 0.0, 0.0, 0.0, 0.0, 0.0, 0.0, 0.0, 0.0, 0.0, 0.0, 0.0, 0.0, 0.0, 0.0, 0.0, 0.0, 0.0, 0.0, 0.0, 0.0, 0.0, 0.0, 0.0, 0.0, 0.0, 0.0, 0.0, 0.0, 0.0, 0.0, 1.0]"
1/aaa-b-d-bc/dgfd3.gdcegdc.caeaccc.becgfa1.baeafb1.1fdgd2.7,"[0.0012239902280271053, 0.003671970684081316, 0.9791921377182007, 0.0012239902280271053, 0.0012239902280271053, 0.003671970684081316, 0.0012239902280271053, 0.0012239902280271053, 0.0012239902280271053, 0.0012239902280271053, 0.0012239902280271053, 0.0012239902280271053, 0.0012239902280271053, 0.0012239902280271053, 0.0, 0.0, 0.0, 0.0, 0.0, 0.0, 0.0, 0.0, 0.0, 0.0, 0.0, 0.0, 0.0, 0.0, 0.0, 0.0, 0.0, 0.0, 0.0, 0.0, 0.0, 0.0, 0.0, 0.0, 0.0, 0.0, 0.0, 0.0, 0.0, 0.0, 0.0, 0.0, 0.0, 0.0, -1.0]"
2/aaa-ba-bc/dgfd3.gdcegdc.caeaccc.becgfae.baeafb1.efdgd2.3e3,"[0.0016155089251697063, 0.0, 0.0, 0.0, 0.0, 0.0, 0.0, 0.0, 0.0, 0.9983844757080078, 0.0, 0.0, 0.0, 0.0, 0.0, 0.0, 0.0, 0.0, 0.0, 0.0, 0.0, 0.0, 0.0, 0.0, 0.0, 0.0, 0.0, 0.0, 0.0, 0.0, 0.0, 0.0, 0.0, 0.0, 0.0, 0.0, 0.0, 0.0, 0.0, 0.0, 0.0, 0.0, 0.0, 0.0, 0.0, 0.0, 0.0, 0.0, 0.0, 0.0, 0.0, 0.0, 0.0, 1.0]"
1/aaa-ba-ba/dgfd3.gdcegdc.caeaccc.becgfae.baeafbg.efdgd2.3eg2,"[0.0010683761211112142, 0.4743589758872986, 0.0010683761211112142, 0.0010683761211112142, 0.004273504484444857, 0.44871795177459717, 0.0010683761211112142, 0.005341880489140749, 0.05448717996478081, 0.008547008968889713, 0.0, 0.0, 0.0, 0.0, 0.0, 0.0, 0.0, 0.0, 0.0, 0.0, 0.0, 0.0, 0.0, 0.0, 0.0, 0.0, 0.0, 0.0, 0.0, 0.0, 0.0, 0.0, 0.0, 0.0, 0.0, 0.0, 0.0, 0.0, 0.0, 0.0, 0.0, 0.0, 0.0, 0.0, 0.0, 0.0, 0.0, 0.0, 0.0, -1.0]"
2/baa-ba-ba/dgfda2.gdcegdc.caeaccc.becgfae.baeafbg.efdgd2.3eg2,"[0.0013550135772675276, 0.998645007610321, 0.0, 0.0, 0.0, 0.0, 0.0, 0.0, 0.0, 0.0, 0.0, 0.0, 0.0, 0.0, 0.0, 0.0, 0.0, 0.0, 0.0, 0.0, 0.0, 0.0, 0.0, 0.0, 0.0, 0.0, 0.0, 0.0, 0.0, 0.0, 0.0, 0.0, 0.0, 0.0, 0.0, 0.0, 0.0, 0.0, 0.0, 0.0, 0.0, 0.0, 0.0, 0.0, 0.0, 0.0, 0.0, 0.0, 0.0, 1.0]"
1/b-ba-ba-ba/dgfda2.gdcegdc.caeaccc.becgfae.baeafbg.efdgd2.2beg2,"[0.0015748031437397003, 0.0015748031437397003, 0.012598425149917603, 0.006299212574958801, 0.006299212574958801, 0.11653543263673782, 0.8488188982009888, 0.006299212574958801, 0.0, 0.0, 0.0, 0.0, 0.0, 0.0, 0.0, 0.0, 0.0, 0.0, 0.0, 0.0, 0.0, 0.0, 0.0, 0.0, 0.0, 0.0, 0.0, 0.0, 0.0, 0.0, 0.0, 0.0, 0.0, 0.0, 0.0, 0.0, 0.0, 0.0, 0.0, 0.0, 0.0, 0.0, 0.0, 0.0, 0.0, 0.0, 0.0, 0.0, 0.0, -1.0]"
2/b-baaa-ba/dgfdad1.gdcegdc.caeaccc.becgfae.baeafbg.efdgd2.2beg2,"[0.007398273795843124, 0.4549938440322876, 0.5376079082489014, 0.0, 0.0, 0.0, 0.0, 0.0, 0.0, 0.0, 0.0, 0.0, 0.0, 0.0, 0.0, 0.0, 0.0, 0.0, 0.0, 0.0, 0.0, 0.0, 0.0, 0.0, 0.0, 0.0, 0.0, 0.0, 0.0, 0.0, 0.0, 0.0, 0.0, 0.0, 0.0, 0.0, 0.0, 0.0, 0.0, 0.0, 0.0, 0.0, 0.0, 0.0, 0.0, 0.0, 0.0, 0.0, 0.0, 0.0, 0.0, 1.0]"
1/b-baaa-ca/dgfdad1.gdcegdc.caeaccc.becgfae.baeafbg.efdgdf1.2beg2,"[0.0016313213855028152, 0.0, 0.0, 0.0, 0.0, 0.0, 0.0, 0.9983686804771423, 0.0, 0.0, 0.0, 0.0, 0.0, 0.0, 0.0, 0.0, 0.0, 0.0, 0.0, 0.0, 0.0, 0.0, 0.0, 0.0, 0.0, 0.0, 0.0, 0.0, 0.0, 0.0, 0.0, 0.0, 0.0, 0.0, 0.0, 0.0, 0.0, 0.0, 0.0, 0.0, 0.0, 0.0, 0.0, 0.0, 0.0, 0.0, 0.0, 0.0, 0.0, 0.0, 0.0, 0.0, 0.0, -1.0]"
2/b-baaaaa/dgfdadf.gdcegdc.caeaccc.becgfae.baeafbg.efdgdf1.2begf1,"[0.17402270436286926, 0.30390921235084534, 0.5220680832862854, 0.0, 0.0, 0.0, 0.0, 0.0, 0.0, 0.0, 0.0, 0.0, 0.0, 0.0, 0.0, 0.0, 0.0, 0.0, 0.0, 0.0, 0.0, 0.0, 0.0, 0.0, 0.0, 0.0, 0.0, 0.0, 0.0, 0.0, 0.0, 0.0, 0.0, 0.0, 0.0, 0.0, 0.0, 0.0, 0.0, 0.0, 0.0, 0.0, 0.0, 0.0, 0.0, 0.0, 0.0, 0.0, 0.0, 0.0, 0.0, 0.0, 1.0]"
1/b-caaaaa/dgfdadf.gdcegdc.caeaccc.becgfae.baeafbg.efdgdf1.1bbegf1,"[0.003355704713612795, 0.0, 0.0, 0.0, 0.0, 0.9966443181037903, 0.0, 0.0, 0.0, 0.0, 0.0, 0.0, 0.0, 0.0, 0.0, 0.0, 0.0, 0.0, 0.0, 0.0, 0.0, 0.0, 0.0, 0.0, 0.0, 0.0, 0.0, 0.0, 0.0, 0.0, 0.0, 0.0, 0.0, 0.0, 0.0, 0.0, 0.0, 0.0, 0.0, 0.0, 0.0, 0.0, 0.0, 0.0, 0.0, 0.0, 0.0, 0.0, 0.0, 0.0, 0.0, 0.0, 0.0, -1.0]"
2/baaaaaa/dgfdadf.gdcegdc.caeaccc.becgfae.baeafbg.efdgdfb.bbbegf1,"[0.0025125627871602774, 0.0, 0.0, 0.0, 0.9974874258041382, 0.0, 0.0, 0.0, 0.0, 0.0, 0.0, 0.0, 0.0, 0.0, 0.0, 0.0, 0.0, 0.0, 0.0, 0.0, 0.0, 0.0, 0.0, 0.0, 0.0, 0.0, 0.0, 0.0, 0.0, 0.0, 0.0, 0.0, 0.0, 0.0, 0.0, 0.0, 0.0, 0.0, 0.0, 0.0, 0.0, 0.0, 0.0, 0.0, 0.0, 0.0, 0.0, 0.0, 0.0, 0.0, 0.0, 0.0, 0.0, 0.0, 0.0, 1.0]"
1/aaaaaaa/dgfdadf.gdcegdc.caeaccc.becgfae.baeafbg.efdgdfb.bbbegfa,"[0.004999999888241291, 0.0, 0.0, 0.9950000047683716, 0.0, 0.0, 0.0, 0.0, 0.0, 0.0, 0.0, 0.0, 0.0, 0.0, 0.0, 0.0, 0.0, 0.0, 0.0, 0.0, 0.0, 0.0, 0.0, 0.0, 0.0, 0.0, 0.0, 0.0, 0.0, 0.0, 0.0, 0.0, 0.0, 0.0, 0.0, 0.0, 0.0, 0.0, 0.0, 0.0, 0.0, 0.0, 0.0, 0.0, 0.0, 0.0, 0.0, 0.0, 0.0, 0.0, 0.0, 0.0, 0.0, -1.0]"
