2/fcb-ff-d-b/7.7.7.7.4b2.7.7,"[1.0, 0.0, -1.0]"
1/fcb-gf-d-b/7.7.7.7.3db2.7.7,"[0.9995539784431458, 0.0004460303171072155, 0.0, 0.0, 1.0]"
2/fcc-gf-d-b/7.7.7.7.2cdb2.7.7,"[0.5001522302627563, 0.49984779953956604, 0.0, 0.0, 0.0, -1.0]"
1/fcc-gf-d-c/7.7.7.7.2cdb2.1g5.7,"[0.003694126382470131, 0.004063538741320372, 0.9922423362731934, 0.0, 0.0, 0.0, 0.0, 1.0]"
2/fcc-gg-d-c/7.7.7.7.1ecdb2.1g5.7,"[0.9892069697380066, 0.004692632704973221, 0.006100422237068415, 0.0, 0.0, 0.0, 0.0, 0.0, -1.0]"
1/fcc-gg-e-c/7.7.7.1f5.1ecdb2.1g5.7,"[0.9696202278137207, 0.0018987341318279505, 0.0284810122102499, 0.0, 0.0, 0.0, 0.0, 0.0, 0.0, 1.0]"
2/fcc-gg-d-c/7.7.1f5.1f5.1ecdb2.1g5.7,"[0.5443950891494751, 0.3396226465702057, 0.11598224192857742, 0.0, 0.0, 0.0, 0.0, 0.0, 0.0, 0.0, -1.0]"
1/dcc-gg-d-c/7.1a5.1f5.1fa4.1ecdb2.1g5.7,"[0.00643604202196002, 0.9678198099136353, 0.02574416808784008, 0.0, 0.0, 0.0, 0.0, 0.0, 0.0, 0.0, 0.0, 0.0, 0.0, 0.0, 1.0]"
2/dcd-gg-d-c/7.1a5.1fc4.1fa4.1ecdb2.1g5.7,"[0.44402173161506653, 0.3499999940395355, 0.16413043439388275, 0.041847825050354004, 0.0, 0.0, 0.0, 0.0, 0.0, 0.0, 0.0, 0.0, 0.0, 0.0, -1.0]"
1/dcd-gg-d-d/7.1a5.1fc4.1fag3.1ecdb2.1g5.7,"[0.0007656968082301319, 0.0, 0.9502297043800354, 0.04900459572672844, 0.0, 0.0, 0.0, 0.0, 0.0, 0.0, 0.0, 0.0, 0.0, 0.0, 0.0, 0.0, 0.0, 1.0]"
2/ddd-gg-d-d/7.1ab4.1fc4.1fag3.1ecdb2.1g5.7,"[0.21851688623428345, 0.310223788022995, 0.07240017503499985, 0.36112329363822937, 0.01667398028075695, 0.017112769186496735, 0.0039491006173193455, 0.0, 0.0, 0.0, 0.0, 0.0, 0.0, 0.0, 0.0, 0.0, 0.0, 0.0, 0.0, -1.0]"
1/ddd-gg-d-e/7.1ab4.1fcg3.1fag3.1ecdb2.1g5.7,"[0.004385964944958687, 0.04769736900925636, 0.0021929824724793434, 0.9210526347160339, 0.014802631922066212, 0.0, 0.009868420660495758, 0.0, 0.0, 0.0, 0.0, 0.0, 0.0, 0.0, 0.0, 0.0, 0.0, 0.0, 0.0, 0.0, 1.0]"
2/dde-gg-d-e/7.1ab4.1fcg3.1fagc2.1ecdb2.1g5.7,"[0.004067402798682451, 0.012202207930386066, 0.12027890980243683, 0.10923881828784943, 0.01568855345249176, 0.711795449256897, 0.01801278255879879, 0.008715862408280373, 0.0, 0.0, 0.0, 0.0, 0.0, 0.0, 0.0, 0.0, 0.0, 0.0, 0.0, 0.0, 0.0, 0.0, -1.0]"
1/dde-ge-d-e/7.1abe3.1fcge2.1fagc2.1ecdb2.1g5.7,"[0.006498781498521566, 0.01868399605154991, 0.9114540815353394, 0.014622258022427559, 0.0, 0.04874086007475853, 0.0, 0.0, 0.0, 0.0, 0.0, 0.0, 0.0, 0.0, 0.0, 0.0, 0.0, 0.0, 0.0, 0.0, 0.0, 0.0, 1.0]"
2/dde-ge-c-e/7.1abef2.1fcge2.1fagc2.1ecdb2.1g5.7,"[0.08288288116455078, 0.569369375705719, 0.019819820299744606, 0.32792791724205017, 0.0, 0.0, 0.0, 0.0, 0.0, 0.0, 0.0, 0.0, 0.0, 0.0, 0.0, 0.0, 0.0, 0.0, 0.0, 0.0, 0.0, -1.0]"
1/dde-ge-d-e/7.1abef2.1fcge2.1fagcf1.1ecdb2.1g5.7,"[0.001703577465377748, 0.0051107327453792095, 0.1697898954153061, 0.29017603397369385, 0.000567859155125916, 0.5326519012451172, 0.0, 0.0, 0.0, 0.0, 0.0, 0.0, 0.0, 0.0, 0.0, 0.0, 0.0, 0.0, 0.0, 0.0, 0.0, 0.0, 0.0, 0.0, 1.0]"
2/dde-ee-d-e/4d2.1abef2.1fcge2.1fagcf1.1ecdb2.1gd4.7,"[0.003338898066431284, 0.9699499011039734, 0.002504173666238785, 0.002504173666238785, 0.007512520998716354, 0.000834724516607821, 0.013355592265725136, 0.0, 0.0, 0.0, 0.0, 0.0, 0.0, 0.0, 0.0, 0.0, 0.0, 0.0, 0.0, 0.0, 0.0, 0.0, 0.0, 0.0, 0.0, 0.0, 0.0, -1.0]"
1/dbe-ee-d-e/4d2.1abef2.1fcgeb1.1fagcf1.1ecdb2.1gdb3.7,"[0.0014347202377393842, 0.0, 0.0, 0.09756097197532654, 0.04160688817501068, 0.8593974113464355, 0.0, 0.0, 0.0, 0.0, 0.0, 0.0, 0.0, 0.0, 0.0, 0.0, 0.0, 0.0, 0.0, 0.0, 0.0, 0.0, 0.0, 0.0, 0.0, 0.0, 0.0, 0.0, 0.0, 0.0, 0.0, 0.0, 0.0, 1.0]"
2/dbe-ee-d-d/4d2.1abef2.1fcgeb1.1fagcf1.1ecdb2.1gdbg2.7,"[0.010339734144508839, 0.002954209689050913, 0.10930576175451279, 0.014771048910915852, 0.0014771048445254564, 0.7163958549499512, 0.1447562724351883, 0.0, 0.0, 0.0, 0.0, 0.0, 0.0, 0.0, 0.0, 0.0, 0.0, 0.0, 0.0, 0.0, 0.0, 0.0, 0.0, 0.0, 0.0, 0.0, 0.0, 0.0, 0.0, 0.0, -1.0]"
1/dbc-ee-d-d/4d2.1abefc1.1fcgeb1.1fagcf1.1ecdb2.1gdbg2.2c4,"[0.07397551834583282, 0.0015965938800945878, 0.10963278263807297, 0.04151144251227379, 0.07876530289649963, 0.6418307423591614, 0.049494411796331406, 0.0015965938800945878, 0.0015965938800945878, 0.0, 0.0, 0.0, 0.0, 0.0, 0.0, 0.0, 0.0, 0.0, 0.0, 0.0, 0.0, 0.0, 0.0, 0.0, 0.0, 0.0, 0.0, 0.0, 0.0, 0.0, 0.0, 0.0, 0.0, 0.0, 1.0]"
2/ebc-ee-d-d/4d2.1abefc1.1fcgeb1.1fagcf1.1ecdba1.1gdbg2.2c4,"[0.001387604046612978, 0.004162812139838934, 0.07446808367967606, 0.0004625346919056028, 0.0018501387676224113, 0.5920444130897522, 0.0, 0.324699342250824, 0.0004625346919056028, 0.0004625346919056028, 0.0, 0.0, 0.0, 0.0, 0.0, 0.0, 0.0, 0.0, 0.0, 0.0, 0.0, 0.0, 0.0, 0.0, 0.0, 0.0, 0.0, 0.0, 0.0, 0.0, 0.0, 0.0, 0.0, 0.0, 0.0, 0.0, -1.0]"
1/bbc-ee-d-d/4d2.aabefc1.1fcgeb1.1fagcf1.1ecdba1.1gdbga1.2ca3,"[0.08477751910686493, 0.005620609037578106, 0.017798595130443573, 0.732084333896637, 0.10117095708847046, 0.005152225028723478, 0.03934426233172417, 0.0014051522593945265, 0.0004683840670622885, 0.009836065582931042, 0.000936768134124577, 0.0014051522593945265, 0.0, 0.0, 0.0, 0.0, 0.0, 0.0, 0.0, 0.0, 0.0, 0.0, 0.0, 0.0, 0.0, 0.0, 0.0, 0.0, 0.0, 0.0, 0.0, 0.0, 0.0, 0.0, 0.0, 0.0, 0.0, 0.0, 0.0, 0.0, 0.0, 1.0]"
2/bbc-eea-d/4df1.aabefc1.ffcgeb1.1fagcf1.1ecdba1.1gdbga1.2caf2,"[0.0005249343812465668, 0.0, 0.015223097056150436, 0.8062992095947266, 0.02624671906232834, 0.002099737524986267, 0.10498687624931335, 0.0031496062874794006, 0.03254593163728714, 0.002624671906232834, 0.0036745406687259674, 0.0010498687624931335, 0.0015748031437397003, 0.0, 0.0, 0.0, 0.0, 0.0, 0.0, 0.0, 0.0, 0.0, 0.0, 0.0, 0.0, 0.0, 0.0, 0.0, 0.0, 0.0, 0.0, 0.0, 0.0, 0.0, 0.0, 0.0, 0.0, 0.0, 0.0, 0.0, 0.0, 0.0, 0.0, 0.0, 0.0, -1.0]"
1/b-bc-eea-d/3bdf1.aabefc1.ffcgeb1.bfagcf1.1ecdba1.1gdbga1.2caf2,"[0.0011325028026476502, 0.7395243644714355, 0.0016987542621791363, 0.00962627399712801, 0.008493770845234394, 0.1993204951286316, 0.006795017048716545, 0.00792752020061016, 0.006228765472769737, 0.0011325028026476502, 0.018120044842362404, 0.0, 0.0, 0.0, 0.0, 0.0, 0.0, 0.0, 0.0, 0.0, 0.0, 0.0, 0.0, 0.0, 0.0, 0.0, 0.0, 0.0, 0.0, 0.0, 0.0, 0.0, 0.0, 0.0, 0.0, 0.0, 0.0, 0.0, 0.0, 0.0, 0.0, 0.0, 0.0, 0.0, 0.0, 1.0]"
2/b-bc-cea-d/3bdf1.aabefc1.ffcgebd.bfagcf1.1ecdba1.1gdbga1.1dcaf2,"[0.0018656715983524919, 0.042288556694984436, 0.000621890532784164, 0.03731343150138855, 0.000621890532784164, 0.17848259210586548, 0.001243781065568328, 0.7257462739944458, 0.000621890532784164, 0.007462686393409967, 0.0018656715983524919, 0.0018656715983524919, 0.0, 0.0, 0.0, 0.0, 0.0, 0.0, 0.0, 0.0, 0.0, 0.0, 0.0, 0.0, 0.0, 0.0, 0.0, 0.0, 0.0, 0.0, 0.0, 0.0, 0.0, 0.0, 0.0, 0.0, 0.0, 0.0, 0.0, 0.0, 0.0, 0.0, 0.0, 0.0, 0.0, 0.0, 0.0, 0.0, -1.0]"
1/b-bc-cca-d/3bdf1.aabefce.ffcgebd.bfagcf1.eecdba1.1gdbga1.1dcaf2,"[0.00048053820501081645, 0.001441614585928619, 0.029312830418348312, 0.0019221528200432658, 0.07160019129514694, 0.0019221528200432658, 0.4848630428314209, 0.0019221528200432658, 0.39788562059402466, 0.0009610764100216329, 0.0033637674059718847, 0.0019221528200432658, 0.002402690937742591, 0.0, 0.0, 0.0, 0.0, 0.0, 0.0, 0.0, 0.0, 0.0, 0.0, 0.0, 0.0, 0.0, 0.0, 0.0, 0.0, 0.0, 0.0, 0.0, 0.0, 0.0, 0.0, 0.0, 0.0, 0.0, 0.0, 0.0, 0.0, 0.0, 0.0, 0.0, 0.0, 0.0, 0.0, 0.0, 0.0, 0.0, 0.0, 1.0]"
2/b-bc-ccaa/2gbdf1.aabefce.ffcgebd.bfagcfg.eecdba1.ggdbga1.1dcaf2,"[0.0012254902394488454, 0.030637254938483238, 0.908088207244873, 0.02083333395421505, 0.0018382353009656072, 0.01776960864663124, 0.0012254902394488454, 0.011642157100141048, 0.0006127451197244227, 0.0, 0.0018382353009656072, 0.0, 0.0018382353009656072, 0.0018382353009656072, 0.0006127451197244227, 0.0, 0.0, 0.0, 0.0, 0.0, 0.0, 0.0, 0.0, 0.0, 0.0, 0.0, 0.0, 0.0, 0.0, 0.0, 0.0, 0.0, 0.0, 0.0, 0.0, 0.0, 0.0, 0.0, 0.0, 0.0, 0.0, 0.0, 0.0, 0.0, 0.0, 0.0, 0.0, 0.0, 0.0, 0.0, 0.0, 0.0, 0.0, 0.0, 0.0, 0.0, -1.0]"
1/b-ba-ccaa/1cgbdf1.aabefce.ffcgebd.bfagcfg.eecdba1.ggdbga1.cdcaf2,"[0.0033112582750618458, 0.6841059327125549, 0.00794702023267746, 0.09403973817825317, 0.009933775290846825, 0.08807946741580963, 0.001986755058169365, 0.02781456895172596, 0.07218542695045471, 0.0026490066666156054, 0.00794702023267746, 0.0, 0.0, 0.0, 0.0, 0.0, 0.0, 0.0, 0.0, 0.0, 0.0, 0.0, 0.0, 0.0, 0.0, 0.0, 0.0, 0.0, 0.0, 0.0, 0.0, 0.0, 0.0, 0.0, 0.0, 0.0, 0.0, 0.0, 0.0, 0.0, 0.0, 0.0, 0.0, 0.0, 0.0, 0.0, 0.0, 0.0, 0.0, 0.0, 0.0, 0.0, 0.0, 0.0, 1.0]"
2/b-baacaa/dcgbdf1.aabefce.ffcgebd.bfagcfg.eecdbad.ggdbga1.cdcaf2,"[0.004730368964374065, 0.861873209476471, 0.00946073792874813, 0.05487228184938431, 0.0037842951714992523, 0.03311258181929588, 0.014191106893122196, 0.0066225165501236916, 0.011352885514497757, 0.0, 0.0, 0.0, 0.0, 0.0, 0.0, 0.0, 0.0, 0.0, 0.0, 0.0, 0.0, 0.0, 0.0, 0.0, 0.0, 0.0, 0.0, 0.0, 0.0, 0.0, 0.0, 0.0, 0.0, 0.0, 0.0, 0.0, 0.0, 0.0, 0.0, 0.0, 0.0, 0.0, 0.0, 0.0, 0.0, 0.0, 0.0, 0.0, 0.0, 0.0, 0.0, 0.0, 0.0, 0.0, -1.0]"
1/b-baaaaa/dcgbdfe.aabefce.ffcgebd.bfagcfg.eecdbad.ggdbgae.cdcaf2,"[0.02678571455180645, 0.14923469722270966, 0.5841836929321289, 0.09311224520206451, 0.01785714365541935, 0.12882652878761292, 0.0, 0.0, 0.0, 0.0, 0.0, 0.0, 0.0, 0.0, 0.0, 0.0, 0.0, 0.0, 0.0, 0.0, 0.0, 0.0, 0.0, 0.0, 0.0, 0.0, 0.0, 0.0, 0.0, 0.0, 0.0, 0.0, 0.0, 0.0, 0.0, 0.0, 0.0, 0.0, 0.0, 0.0, 0.0, 0.0, 0.0, 0.0, 0.0, 0.0, 0.0, 0.0, 0.0, 0.0, 0.0, 0.0, 0.0, 1.0]"
2/baaaaaa/dcgbdfe.aabefce.ffcgebd.bfagcfg.eecdbad.ggdbgae.cdcafb1,"[0.014285714365541935, 0.006593406666070223, 0.7494505643844604, 0.013186813332140446, 0.013186813332140446, 0.2032967060804367, 0.0, 0.0, 0.0, 0.0, 0.0, 0.0, 0.0, 0.0, 0.0, 0.0, 0.0, 0.0, 0.0, 0.0, 0.0, 0.0, 0.0, 0.0, 0.0, 0.0, 0.0, 0.0, 0.0, 0.0, 0.0, 0.0, 0.0, 0.0, 0.0, 0.0, 0.0, 0.0, 0.0, 0.0, 0.0, 0.0, 0.0, 0.0, 0.0, 0.0, 0.0, 0.0, 0.0, 0.0, 0.0, 0.0, 0.0, 0.0, -1.0]"
1/aaaaaaa/dcgbdfe.aabefce.ffcgebd.bfagcfg.eecdbad.ggdbgae.cdcafba,"[0.05999999865889549, 0.3050000071525574, 0.11666666716337204, 0.5183333158493042, 0.0, 0.0, 0.0, 0.0, 0.0, 0.0, 0.0, 0.0, 0.0, 0.0, 0.0, 0.0, 0.0, 0.0, 0.0, 0.0, 0.0, 0.0, 0.0, 0.0, 0.0, 0.0, 0.0, 0.0, 0.0, 0.0, 0.0, 0.0, 0.0, 0.0, 0.0, 0.0, 0.0, 0.0, 0.0, 0.0, 0.0, 0.0, 0.0, 0.0, 0.0, 0.0, 0.0, 0.0, 0.0, 0.0, 0.0, 0.0, 0.0, 1.0]"
1/ed-b-d-dg-d/7.7.7.2f4.2a4.7.7,"[1.0, 0.0, 0.0, 0.0, 1.0]"
2/ed-b-d-dg-c/7.7.2g4.2f4.2a4.7.7,"[0.48736143112182617, 0.5126385688781738, 0.0, 0.0, 0.0, -1.0]"
1/ec-b-d-dg-c/7.7.2g4.2fb3.2a4.7.7,"[0.0024024024605751038, 0.9945945739746094, 0.0030030030757188797, 0.0, 0.0, 0.0, 0.0, 1.0]"
2/ec-b-d-cg-c/7.7.2g4.2fbe2.2a4.7.7,"[0.22670651972293854, 0.5311409831047058, 0.24215246737003326, 0.0, 0.0, 0.0, 0.0, 0.0, -1.0]"
1/ec-b-d-dg-c/7.7.2ge3.2fbe2.2a4.7.7,"[0.0014184396713972092, 0.66572105884552, 0.018912529572844505, 0.31347519159317017, 0.00047281323350034654, 0.0, 0.0, 0.0, 0.0, 0.0, 0.0, 1.0]"
2/ec-b-c-dg-c/7.7.2ged2.2fbe2.2a4.7.7,"[0.10302593559026718, 0.5461094975471497, 0.23306916654109955, 0.11779538542032242, 0.0, 0.0, 0.0, 0.0, 0.0, 0.0, 0.0, -1.0]"
1/ec-b-c-eg-c/7.7.2ged2.2fbee1.2a4.7.7,"[0.001792114693671465, 0.005376344081014395, 0.9753584265708923, 0.017473118379712105, 0.0, 0.0, 0.0, 0.0, 0.0, 0.0, 0.0, 0.0, 1.0]"
2/ed-b-c-eg-c/7.7.2ged2.2fbeeb.2a4.7.7,"[0.09139025956392288, 0.22653493285179138, 0.5762173533439636, 0.10585744678974152, 0.0, 0.0, 0.0, 0.0, 0.0, 0.0, 0.0, 0.0, 0.0, -1.0]"
1/ed-c-c-eg-c/7.7.1cged2.2fbeeb.2a4.7.7,"[0.9530916810035706, 0.018763326108455658, 0.023880597203969955, 0.004264392424374819, 0.0, 0.0, 0.0, 0.0, 0.0, 0.0, 0.0, 0.0, 0.0, 0.0, 1.0]"
2/ed-c-c-eg-b/7.7.1cged2.2fbeeb.2ag3.7.7,"[0.06998521089553833, 0.02267126739025116, 0.04090685024857521, 0.005914243403822184, 0.860522449016571, 0.0, 0.0, 0.0, 0.0, 0.0, 0.0, 0.0, 0.0, 0.0, 0.0, 0.0, -1.0]"
1/ec-c-c-eg-b/7.7.1cged2.2fbeeb.2ag3.2b4.7,"[0.030548926442861557, 0.0014319808688014746, 0.0, 0.07255370169878006, 0.21288782358169556, 0.6825775504112244, 0.0, 0.0, 0.0, 0.0, 0.0, 0.0, 0.0, 0.0, 0.0, 0.0, 0.0, 0.0, 1.0]"
2/ec-c-c-dg-b/7.7.1cgede1.2fbeeb.2ag3.2b4.7,"[0.05857519805431366, 0.7894459366798401, 0.05171503871679306, 0.0205804742872715, 0.0733509212732315, 0.006332453805953264, 0.0, 0.0, 0.0, 0.0, 0.0, 0.0, 0.0, 0.0, 0.0, 0.0, 0.0, 0.0, 0.0, -1.0]"
1/ec-c-c-df-b/7.7.1cgede1.1ffbeeb.2ag3.2b4.7,"[0.0012853470398113132, 0.0006426735199056566, 0.8329048752784729, 0.0, 0.1542416512966156, 0.00899742916226387, 0.0019280206179246306, 0.0, 0.0, 0.0, 0.0, 0.0, 0.0, 0.0, 0.0, 0.0, 0.0, 0.0, 0.0, 0.0, 0.0, 1.0]"
2/ec-b-c-df-b/7.4c2.1cgede1.1ffbeeb.2ag3.2b4.7,"[0.4641125202178955, 0.15324927866458893, 0.006304558832198381, 0.19980601966381073, 0.028612997382879257, 0.026188166812062263, 0.033462658524513245, 0.08001939952373505, 0.008244423195719719, 0.0, 0.0, 0.0, 0.0, 0.0, 0.0, 0.0, 0.0, 0.0, 0.0, 0.0, 0.0, 0.0, 0.0, 0.0, -1.0]"
1/ec-b-e-df-b/7.4cd1.1cgede1.1ffbeeb.1dag3.2b4.7,"[0.0005851375171914697, 0.0011702750343829393, 0.0, 0.8560561537742615, 0.0, 0.0, 0.023990638554096222, 0.11702749878168106, 0.0011702750343829393, 0.0, 0.0, 0.0, 0.0, 0.0, 0.0, 0.0, 0.0, 0.0, 0.0, 0.0, 0.0, 0.0, 0.0, 0.0, 0.0, 0.0, 0.0, 1.0]"
2/fc-b-e-df-b/7.3acd1.1cgede1.1ffbeeb.1dag3.2b4.7,"[0.7052096724510193, 0.05463786423206329, 0.11308767646551132, 0.0019059720216318965, 0.001270647975616157, 0.1022871658205986, 0.0006353239878080785, 0.0006353239878080785, 0.020330367609858513, 0.0, 0.0, 0.0, 0.0, 0.0, 0.0, 0.0, 0.0, 0.0, 0.0, 0.0, 0.0, 0.0, 0.0, 0.0, 0.0, 0.0, 0.0, -1.0]"
1/dc-b-e-df-b/5a1.2aacd1.1cgede1.1ffbeeb.1dag3.2b4.7,"[0.0014144271844998002, 0.6895332336425781, 0.04384724050760269, 0.017680339515209198, 0.0, 0.10891088843345642, 0.10466761142015457, 0.03394625335931778, 0.0, 0.0, 0.0, 0.0, 0.0, 0.0, 0.0, 0.0, 0.0, 0.0, 0.0, 0.0, 0.0, 0.0, 0.0, 0.0, 0.0, 0.0, 0.0, 0.0, 0.0, 1.0]"
2/dc-b-c-df-b/4da1.1daacd1.1cgede1.1ffbeeb.1dag3.2b4.7,"[0.010489510372281075, 0.4749417304992676, 0.1538461595773697, 0.3467366099357605, 0.0005827505956403911, 0.0017482517287135124, 0.0023310023825615644, 0.0005827505956403911, 0.005827505607157946, 0.0011655011912807822, 0.0011655011912807822, 0.0005827505956403911, 0.0, 0.0, 0.0, 0.0, 0.0, 0.0, 0.0, 0.0, 0.0, 0.0, 0.0, 0.0, 0.0, 0.0, 0.0, 0.0, 0.0, 0.0, 0.0, 0.0, 0.0, 0.0, -1.0]"
1/ac-b-c-df-b/4da1.1daacd1.1cgede1.1ffbeeb.1daga2.2ba3.2a4,"[0.0007704160525463521, 0.0, 0.013097072020173073, 0.003852080088108778, 0.0, 0.0, 0.02465331368148327, 0.0762711837887764, 0.0023112480994313955, 0.0007704160525463521, 0.0030816642101854086, 0.0, 0.0, 0.0, 0.0, 0.0, 0.0, 0.012326656840741634, 0.8605546951293945, 0.0, 0.0, 0.0023112480994313955, 0.0, 0.0, 0.0, 0.0, 0.0, 0.0, 0.0, 0.0, 0.0, 0.0, 0.0, 0.0, 0.0, 0.0, 0.0, 0.0, 0.0, 0.0, 0.0, 0.0, 0.0, 0.0, 0.0, 0.0, 0.0, 0.0, 1.0]"
2/ac-b-c-dfc/3gda1.1daacd1.1cgede1.1ffbeeb.1daga2.2bag2.2ag3,"[0.002107481472194195, 0.02845100127160549, 0.7365648150444031, 0.1180189698934555, 0.0010537407360970974, 0.05690200254321098, 0.013698630034923553, 0.022128555923700333, 0.0010537407360970974, 0.0010537407360970974, 0.002107481472194195, 0.009483667090535164, 0.003161222441121936, 0.00421496294438839, 0.0, 0.0, 0.0, 0.0, 0.0, 0.0, 0.0, 0.0, 0.0, 0.0, 0.0, 0.0, 0.0, 0.0, 0.0, 0.0, 0.0, 0.0, 0.0, 0.0, 0.0, 0.0, 0.0, 0.0, 0.0, 0.0, 0.0, 0.0, -1.0]"
1/ac-d-c-dfc/3gda1.1daacd1.1cgede1.1ffbeeb.1dagac1.2bag2.2agc2,"[0.0035419126506894827, 0.0, 0.015348288230597973, 0.0, 0.27036598324775696, 0.015348288230597973, 0.00826446246355772, 0.12278630584478378, 0.41322314739227295, 0.1511216014623642, 0.0, 0.0, 0.0, 0.0, 0.0, 0.0, 0.0, 0.0, 0.0, 0.0, 0.0, 0.0, 0.0, 0.0, 0.0, 0.0, 0.0, 0.0, 0.0, 0.0, 0.0, 0.0, 0.0, 0.0, 0.0, 0.0, 0.0, 0.0, 0.0, 0.0, 0.0, 1.0]"
2/ac-d-c-bfc/3gda1.1daacd1.1cgede1.1ffbeeb.edagac1.2bage1.2agc2,"[0.0030326005071401596, 0.0022744503803551197, 0.7968157529830933, 0.0015163002535700798, 0.0022744503803551197, 0.0, 0.1880212277173996, 0.0022744503803551197, 0.0015163002535700798, 0.0022744503803551197, 0.0, 0.0, 0.0, 0.0, 0.0, 0.0, 0.0, 0.0, 0.0, 0.0, 0.0, 0.0, 0.0, 0.0, 0.0, 0.0, 0.0, 0.0, 0.0, 0.0, 0.0, 0.0, 0.0, 0.0, 0.0, 0.0, 0.0, 0.0, 0.0, 0.0, 0.0, 0.0, -1.0]"
1/a-b-d-c-bfc/3gda1.1daacd1.1cgedeb.1ffbeeb.edagacb.1bbage1.2agc2,"[0.001784121268428862, 0.001784121268428862, 0.003568242536857724, 0.000892060634214431, 0.0, 0.0, 0.6422836780548096, 0.11329170316457748, 0.002676181960850954, 0.021409455686807632, 0.0, 0.20606601238250732, 0.000892060634214431, 0.0, 0.002676181960850954, 0.002676181960850954, 0.0, 0.0, 0.0, 0.0, 0.0, 0.0, 0.0, 0.0, 0.0, 0.0, 0.0, 0.0, 0.0, 0.0, 0.0, 0.0, 0.0, 0.0, 0.0, 0.0, 0.0, 0.0, 0.0, 0.0, 0.0, 0.0, 0.0, 0.0, 0.0, 0.0, 0.0, 0.0, 0.0, 0.0, 0.0, 1.0]"
2/a-ba-c-bfc/3gda1.1daacd1.1cgedeb.cffbeeb.edagacb.1bbage1.1cagcc1,"[0.0014450866729021072, 0.0014450866729021072, 0.0014450866729021072, 0.0014450866729021072, 0.005780346691608429, 0.004335260018706322, 0.20520231127738953, 0.7543352842330933, 0.017341040074825287, 0.0014450866729021072, 0.0014450866729021072, 0.0014450866729021072, 0.0014450866729021072, 0.0014450866729021072, 0.0, 0.0, 0.0, 0.0, 0.0, 0.0, 0.0, 0.0, 0.0, 0.0, 0.0, 0.0, 0.0, 0.0, 0.0, 0.0, 0.0, 0.0, 0.0, 0.0, 0.0, 0.0, 0.0, 0.0, 0.0, 0.0, 0.0, 0.0, 0.0, 0.0, 0.0, 0.0, 0.0, 0.0, 0.0, 0.0, 0.0, 0.0, -1.0]"
1/a-ba-c-bec/3gda1.1daacd1.fcgedeb.cffbeeb.edagacb.1bbage1.1cagcc1,"[0.003797468263655901, 0.003797468263655901, 0.020253164693713188, 0.11772152036428452, 0.008860759437084198, 0.5037974715232849, 0.1265822798013687, 0.07341772317886353, 0.003797468263655901, 0.050632912665605545, 0.08734177052974701, 0.0, 0.0, 0.0, 0.0, 0.0, 0.0, 0.0, 0.0, 0.0, 0.0, 0.0, 0.0, 0.0, 0.0, 0.0, 0.0, 0.0, 0.0, 0.0, 0.0, 0.0, 0.0, 0.0, 0.0, 0.0, 0.0, 0.0, 0.0, 0.0, 0.0, 0.0, 0.0, 0.0, 0.0, 0.0, 0.0, 0.0, 0.0, 0.0, 1.0]"
2/a-ba-caec/3gda1.1daacde.fcgedeb.cffbeeb.edagacb.1bbage1.1cagcc1,"[0.011001099832355976, 0.050605058670043945, 0.0330033004283905, 0.2101210057735443, 0.5115511417388916, 0.07480747997760773, 0.004400440026074648, 0.01650165021419525, 0.03410341218113899, 0.048404838889837265, 0.005500549916177988, 0.0, 0.0, 0.0, 0.0, 0.0, 0.0, 0.0, 0.0, 0.0, 0.0, 0.0, 0.0, 0.0, 0.0, 0.0, 0.0, 0.0, 0.0, 0.0, 0.0, 0.0, 0.0, 0.0, 0.0, 0.0, 0.0, 0.0, 0.0, 0.0, 0.0, 0.0, 0.0, 0.0, 0.0, 0.0, 0.0, 0.0, 0.0, 0.0, 0.0, -1.0]"
1/a-ba-caea/3gda1.1daacde.fcgedeb.cffbeeb.edagacb.gbbageg.1cagcc1,"[0.003034901339560747, 0.05766312777996063, 0.19119878113269806, 0.021244309842586517, 0.004552352242171764, 0.003034901339560747, 0.004552352242171764, 0.027314111590385437, 0.0, 0.47040972113609314, 0.0, 0.037936266511678696, 0.17450682818889618, 0.004552352242171764, 0.0, 0.0, 0.0, 0.0, 0.0, 0.0, 0.0, 0.0, 0.0, 0.0, 0.0, 0.0, 0.0, 0.0, 0.0, 0.0, 0.0, 0.0, 0.0, 0.0, 0.0, 0.0, 0.0, 0.0, 0.0, 0.0, 0.0, 0.0, 0.0, 0.0, 0.0, 0.0, 0.0, 0.0, 0.0, 0.0, 0.0, 0.0, 0.0, 0.0, 0.0, 0.0, 1.0]"
2/aaa-caea/2bgda1.1daacde.fcgedeb.cffbeeb.edagacb.gbbageg.1cagcc1,"[0.06276150792837143, 0.011506276205182076, 0.028242677450180054, 0.0407949797809124, 0.012552301399409771, 0.01046025101095438, 0.5868200659751892, 0.0041841003112494946, 0.17782427370548248, 0.04184100404381752, 0.02301255241036415, 0.0, 0.0, 0.0, 0.0, 0.0, 0.0, 0.0, 0.0, 0.0, 0.0, 0.0, 0.0, 0.0, 0.0, 0.0, 0.0, 0.0, 0.0, 0.0, 0.0, 0.0, 0.0, 0.0, 0.0, 0.0, 0.0, 0.0, 0.0, 0.0, 0.0, 0.0, 0.0, 0.0, 0.0, 0.0, 0.0, 0.0, 0.0, 0.0, 0.0, 0.0, 0.0, 0.0, -1.0]"
1/aaa-caca/1fbgda1.fdaacde.fcgedeb.cffbeeb.edagacb.gbbageg.1cagcc1,"[0.019690576940774918, 0.502109706401825, 0.008438818156719208, 0.004219409078359604, 0.061884667724370956, 0.001406469731591642, 0.1265822798013687, 0.009845288470387459, 0.015471166931092739, 0.2292545735836029, 0.02109704725444317, 0.0, 0.0, 0.0, 0.0, 0.0, 0.0, 0.0, 0.0, 0.0, 0.0, 0.0, 0.0, 0.0, 0.0, 0.0, 0.0, 0.0, 0.0, 0.0, 0.0, 0.0, 0.0, 0.0, 0.0, 0.0, 0.0, 0.0, 0.0, 0.0, 0.0, 0.0, 0.0, 0.0, 0.0, 0.0, 0.0, 0.0, 0.0, 0.0, 0.0, 0.0, 0.0, 0.0, 0.0, 0.0, 1.0]"
2/aaaaaca/dfbgdad.fdaacde.fcgedeb.cffbeeb.edagacb.gbbageg.1cagcc1,"[0.007035175804048777, 0.11256281286478043, 0.004020100459456444, 0.03718592971563339, 0.29145729541778564, 0.01005025114864111, 0.03919598087668419, 0.49447235465049744, 0.004020100459456444, 0.0, 0.0, 0.0, 0.0, 0.0, 0.0, 0.0, 0.0, 0.0, 0.0, 0.0, 0.0, 0.0, 0.0, 0.0, 0.0, 0.0, 0.0, 0.0, 0.0, 0.0, 0.0, 0.0, 0.0, 0.0, 0.0, 0.0, 0.0, 0.0, 0.0, 0.0, 0.0, 0.0, 0.0, 0.0, 0.0, 0.0, 0.0, 0.0, 0.0, 0.0, 0.0, 0.0, 0.0, 0.0, 0.0, 0.0, -1.0]"
1/aaaaaaa/dfbgdad.fdaacde.fcgedeb.cffbeeb.edagacb.gbbageg.fcagccf,"[0.004999999888241291, 0.11999999731779099, 0.008333333767950535, 0.10166666656732559, 0.6600000262260437, 0.10499999672174454, 0.0, 0.0, 0.0, 0.0, 0.0, 0.0, 0.0, 0.0, 0.0, 0.0, 0.0, 0.0, 0.0, 0.0, 0.0, 0.0, 0.0, 0.0, 0.0, 0.0, 0.0, 0.0, 0.0, 0.0, 0.0, 0.0, 0.0, 0.0, 0.0, 0.0, 0.0, 0.0, 0.0, 0.0, 0.0, 0.0, 0.0, 0.0, 0.0, 0.0, 0.0, 0.0, 0.0, 0.0, 0.0, 0.0, 0.0, 0.0, 0.0, 1.0]"
1/a-db-dd-fg/7.1ga4.7.7.7.7.7,"[1.0, 0.0, 0.0, 0.0, 1.0]"
2/a-cb-dd-fg/7.bga4.7.7.7.7.7,"[0.506193220615387, 0.49380677938461304, 0.0, 0.0, 0.0, -1.0]"
1/a-cb-ed-fg/7.bga4.7.4d2.7.7.7,"[0.0010746910702437162, 0.01934443786740303, 0.9795808792114258, 0.0, 0.0, 0.0, 0.0, 1.0]"
2/a-cb-ee-fg/7.bga4.7.3ed2.7.7.7,"[0.05669599398970604, 0.05669599398970604, 0.6168133020401001, 0.2697947323322296, 0.0, 0.0, 0.0, 0.0, 0.0, -1.0]"
1/a-cb-ee-gg/7.bga4.2f4.3ed2.7.7.7,"[0.0006901310989633203, 0.0, 0.9986197352409363, 0.0, 0.0006901310989633203, 0.0, 0.0, 0.0, 0.0, 0.0, 0.0, 1.0]"
2/a-bb-ee-gg/7.bga4.2f4.2bed2.7.7.7,"[0.01742497645318508, 0.02032913826406002, 0.029041625559329987, 0.4114230275154114, 0.5217812061309814, 0.0, 0.0, 0.0, 0.0, 0.0, 0.0, 0.0, -1.0]"
1/a-bb-ed-gg/7.bga4.2fe3.2bed2.7.7.7,"[0.01446416787803173, 0.0006574622238986194, 0.0026298488955944777, 0.9644970297813416, 0.0006574622238986194, 0.017094017937779427, 0.0, 0.0, 0.0, 0.0, 0.0, 0.0, 0.0, 0.0, 1.0]"
2/a-bb-ee-gg/7.bga4.2fee2.2bed2.7.7.7,"[0.021142857149243355, 0.020571429282426834, 0.02685714326798916, 0.5268571376800537, 0.07657142728567123, 0.328000009059906, 0.0, 0.0, 0.0, 0.0, 0.0, 0.0, 0.0, 0.0, 0.0, -1.0]"
1/a-bb-fe-gg/7.bga4.2fee2.2bedd1.7.7.7,"[0.020661156624555588, 0.0008264462812803686, 0.0033057851251214743, 0.023140495643019676, 0.0008264462812803686, 0.9512396454811096, 0.0, 0.0, 0.0, 0.0, 0.0, 0.0, 0.0, 0.0, 0.0, 0.0, 1.0]"
2/b-bb-fe-gg/7.bga4.2fee2.2bedd1.2a4.7.7,"[0.0025497195310890675, 0.003569607390090823, 0.003569607390090823, 0.22998470067977905, 0.44875064492225647, 0.3115757405757904, 0.0, 0.0, 0.0, 0.0, 0.0, 0.0, 0.0, 0.0, 0.0, 0.0, 0.0, -1.0]"
1/b-bb-fd-gg/7.bga4.2fee2.2bedd1.2ae3.7.7,"[0.0011621150188148022, 0.0005810575094074011, 0.0005810575094074011, 0.005810575094074011, 0.05461940914392471, 0.004648460075259209, 0.14119698107242584, 0.7914003729820251, 0.0, 0.0, 0.0, 0.0, 0.0, 0.0, 0.0, 0.0, 0.0, 0.0, 0.0, 0.0, 1.0]"
2/b-bb-fd-eg/7.bga4.1ffeef1.2bedd1.2ae3.7.7,"[0.001095890416763723, 0.0005479452083818614, 0.0005479452083818614, 0.16931506991386414, 0.6147944927215576, 0.02246575430035591, 0.013150684535503387, 0.09643835574388504, 0.08164383471012115, 0.0, 0.0, 0.0, 0.0, 0.0, 0.0, 0.0, 0.0, 0.0, 0.0, 0.0, 0.0, 0.0, 0.0, -1.0]"
1/b-b-b-fd-eg/7.bgac3.1ffeef1.2bedd1.2ae3.2c4.7,"[0.0011799409985542297, 0.0023598819971084595, 0.7233038544654846, 0.029498524963855743, 0.05840707942843437, 0.18525074422359467, 0.0, 0.0, 0.0, 0.0, 0.0, 0.0, 0.0, 0.0, 0.0, 0.0, 0.0, 0.0, 0.0, 0.0, 0.0, 0.0, 0.0, 0.0, 0.0, 1.0]"
2/b-b-b-fd-cg/7.bgac3.1ffeeff.1fbedd1.2ae3.2c4.7,"[0.0005020080134272575, 0.0005020080134272575, 0.35893574357032776, 0.0200803205370903, 0.5502008199691772, 0.02961847372353077, 0.005522088147699833, 0.031124498695135117, 0.0035140563268214464, 0.0, 0.0, 0.0, 0.0, 0.0, 0.0, 0.0, 0.0, 0.0, 0.0, 0.0, 0.0, 0.0, 0.0, 0.0, 0.0, 0.0, 0.0, -1.0]"
1/b-d-b-fd-cg/7.bgac3.1ffeeff.1fbeddb.2aeb2.2c4.7,"[0.0005920663243159652, 0.0011841326486319304, 0.05210183560848236, 0.01243339292705059, 0.006512729451060295, 0.09295441210269928, 0.0005920663243159652, 0.007696861866861582, 0.0005920663243159652, 0.0, 0.8247483968734741, 0.0005920663243159652, 0.0, 0.0, 0.0, 0.0, 0.0, 0.0, 0.0, 0.0, 0.0, 0.0, 0.0, 0.0, 0.0, 0.0, 0.0, 0.0, 0.0, 0.0, 0.0, 0.0, 0.0, 1.0]"
2/b-d-b-dd-cg/7.bgac3.1ffeeff.1fbeddb.2aebd1.2cd3.7,"[0.0005820721853524446, 0.0005820721853524446, 0.0005820721853524446, 0.0023282887414097786, 0.0005820721853524446, 0.3329452872276306, 0.0005820721853524446, 0.02270081453025341, 0.003492433112114668, 0.6344586610794067, 0.0005820721853524446, 0.0005820721853524446, 0.0, 0.0, 0.0, 0.0, 0.0, 0.0, 0.0, 0.0, 0.0, 0.0, 0.0, 0.0, 0.0, 0.0, 0.0, 0.0, 0.0, 0.0, 0.0, 0.0, 0.0, 0.0, -1.0]"
1/-b-d-b-dd-cg/1a5.bgac3.1ffeeff.1fbeddb.2aebd1.2cda2.7,"[0.002152080414816737, 0.8027259707450867, 0.006456241011619568, 0.012912482023239136, 0.024390242993831635, 0.08680057525634766, 0.0014347202377393842, 0.061692968010902405, 0.0014347202377393842, 0.0, 0.0, 0.0, 0.0, 0.0, 0.0, 0.0, 0.0, 0.0, 0.0, 0.0, 0.0, 0.0, 0.0, 0.0, 0.0, 0.0, 0.0, 0.0, 0.0, 0.0, 0.0, 0.0, 0.0, 0.0, 0.0, 0.0, 0.0, 1.0]"
2/-b-d-bad-cg/1ad4.bgac3.1ffeeff.1fbeddb.1daebd1.2cdad1.7,"[0.0010162601247429848, 0.0010162601247429848, 0.03556910529732704, 0.8079268336296082, 0.11788617819547653, 0.0010162601247429848, 0.0020325202494859695, 0.0010162601247429848, 0.0010162601247429848, 0.0010162601247429848, 0.017276423051953316, 0.0030487803742289543, 0.008130080997943878, 0.0010162601247429848, 0.0010162601247429848, 0.0, 0.0, 0.0, 0.0, 0.0, 0.0, 0.0, 0.0, 0.0, 0.0, 0.0, 0.0, 0.0, 0.0, 0.0, 0.0, 0.0, 0.0, 0.0, 0.0, 0.0, 0.0, 0.0, 0.0, 0.0, 0.0, 0.0, -1.0]"
1/-b-d-baa-cg/ead4.bgac3.1ffeeff.1fbeddb.1daebde.2cdad1.4e2,"[0.003549245884642005, 0.05944986641407013, 0.34161490201950073, 0.0044365571811795235, 0.0017746229423210025, 0.005323868710547686, 0.5093167424201965, 0.07275953888893127, 0.0, 0.0, 0.0017746229423210025, 0.0, 0.0, 0.0, 0.0, 0.0, 0.0, 0.0, 0.0, 0.0, 0.0, 0.0, 0.0, 0.0, 0.0, 0.0, 0.0, 0.0, 0.0, 0.0, 0.0, 0.0, 0.0, 0.0, 0.0, 0.0, 0.0, 0.0, 0.0, 0.0, 0.0, 0.0, 0.0, 0.0, 0.0, 0.0, 0.0, 0.0, 0.0, 1.0]"
2/-b-dcaa-cg/eadc3.bgac3.cffeeff.1fbeddb.1daebde.1ccdad1.4e2,"[0.001251564477570355, 0.011264080181717873, 0.18272840976715088, 0.04630788415670395, 0.001251564477570355, 0.028785983100533485, 0.6608260273933411, 0.001251564477570355, 0.00250312895514071, 0.01877346634864807, 0.00500625791028142, 0.00500625791028142, 0.021276595070958138, 0.00250312895514071, 0.006257822271436453, 0.00500625791028142, 0.0, 0.0, 0.0, 0.0, 0.0, 0.0, 0.0, 0.0, 0.0, 0.0, 0.0, 0.0, 0.0, 0.0, 0.0, 0.0, 0.0, 0.0, 0.0, 0.0, 0.0, 0.0, 0.0, 0.0, 0.0, 0.0, 0.0, 0.0, 0.0, 0.0, 0.0, 0.0, 0.0, -1.0]"
1/-b-dcaa-cd/eadc3.bgacg2.cffeeff.gfbeddb.1daebde.1ccdad1.4eg1,"[0.0021459227427840233, 0.04077253118157387, 0.055793993175029755, 0.018240343779325485, 0.0010729613713920116, 0.6094420552253723, 0.0, 0.0, 0.21459227800369263, 0.042918454855680466, 0.0, 0.0, 0.015021459199488163, 0.0, 0.0, 0.0, 0.0, 0.0, 0.0, 0.0, 0.0, 0.0, 0.0, 0.0, 0.0, 0.0, 0.0, 0.0, 0.0, 0.0, 0.0, 0.0, 0.0, 0.0, 0.0, 0.0, 0.0, 0.0, 0.0, 0.0, 0.0, 0.0, 0.0, 0.0, 0.0, 0.0, 0.0, 0.0, 0.0, 0.0, 0.0, 0.0, 0.0, 0.0, 1.0]"
2/-bacaa-cd/eadcb2.bgacgb1.cffeeff.gfbeddb.bdaebde.1ccdad1.4eg1,"[0.0022091311402618885, 0.013991163112223148, 0.299705445766449, 0.16568483412265778, 0.0014727540547028184, 0.020618556067347527, 0.2452135533094406, 0.04123711213469505, 0.009572901763021946, 0.07879234105348587, 0.0022091311402618885, 0.0022091311402618885, 0.005154639016836882, 0.027982326224446297, 0.0014727540547028184, 0.002945508109405637, 0.07952871918678284, 0.0, 0.0, 0.0, 0.0, 0.0, 0.0, 0.0, 0.0, 0.0, 0.0, 0.0, 0.0, 0.0, 0.0, 0.0, 0.0, 0.0, 0.0, 0.0, 0.0, 0.0, 0.0, 0.0, 0.0, 0.0, 0.0, 0.0, 0.0, 0.0, 0.0, 0.0, 0.0, 0.0, 0.0, 0.0, 0.0, 0.0, 0.0, 0.0, -1.0]"
1/-baaaa-cd/eadcb2.bgacgb1.cffeeff.gfbeddb.bdaebde.cccdad1.3ceg1,"[0.0339721255004406, 0.15853658318519592, 0.007839721627533436, 0.0731707289814949, 0.013937282375991344, 0.001742160296998918, 0.000871080148499459, 0.027003483846783638, 0.661149799823761, 0.020034844055771828, 0.001742160296998918, 0.0, 0.0, 0.0, 0.0, 0.0, 0.0, 0.0, 0.0, 0.0, 0.0, 0.0, 0.0, 0.0, 0.0, 0.0, 0.0, 0.0, 0.0, 0.0, 0.0, 0.0, 0.0, 0.0, 0.0, 0.0, 0.0, 0.0, 0.0, 0.0, 0.0, 0.0, 0.0, 0.0, 0.0, 0.0, 0.0, 0.0, 0.0, 0.0, 0.0, 0.0, 1.0]"
2/baaaa-cd/eadcb2.bgacgba.cffeeff.gfbeddb.bdaebde.cccdada.3ceg1,"[0.006314127705991268, 0.01894238404929638, 0.004735596012324095, 0.433307021856308, 0.0071033937856554985, 0.45067086815834045, 0.00868192594498396, 0.0441988967359066, 0.026045776903629303, 0.0, 0.0, 0.0, 0.0, 0.0, 0.0, 0.0, 0.0, 0.0, 0.0, 0.0, 0.0, 0.0, 0.0, 0.0, 0.0, 0.0, 0.0, 0.0, 0.0, 0.0, 0.0, 0.0, 0.0, 0.0, 0.0, 0.0, 0.0, 0.0, 0.0, 0.0, 0.0, 0.0, 0.0, 0.0, 0.0, 0.0, 0.0, 0.0, 0.0, 0.0, 0.0, 0.0, -1.0]"
1/baaaa-ca/eadcbg1.bgacgba.cffeeff.gfbeddb.bdaebde.cccdada.2gcegg,"[0.0034802784211933613, 0.0034802784211933613, 0.17053364217281342, 0.7749419808387756, 0.04060324653983116, 0.0034802784211933613, 0.0034802784211933613, 0.0, 0.0, 0.0, 0.0, 0.0, 0.0, 0.0, 0.0, 0.0, 0.0, 0.0, 0.0, 0.0, 0.0, 0.0, 0.0, 0.0, 0.0, 0.0, 0.0, 0.0, 0.0, 0.0, 0.0, 0.0, 0.0, 0.0, 0.0, 0.0, 0.0, 0.0, 0.0, 0.0, 0.0, 0.0, 0.0, 0.0, 0.0, 0.0, 0.0, 0.0, 0.0, 0.0, 0.0, 0.0, 0.0, 0.0, 0.0, 0.0, 1.0]"
2/baaaaaa/eadcbgf.bgacgba.cffeeff.gfbeddb.bdaebde.cccdada.1fgcegg,"[0.279689222574234, 0.0033296337351202965, 0.29189789295196533, 0.32519423961639404, 0.0033296337351202965, 0.09655937552452087, 0.0, 0.0, 0.0, 0.0, 0.0, 0.0, 0.0, 0.0, 0.0, 0.0, 0.0, 0.0, 0.0, 0.0, 0.0, 0.0, 0.0, 0.0, 0.0, 0.0, 0.0, 0.0, 0.0, 0.0, 0.0, 0.0, 0.0, 0.0, 0.0, 0.0, 0.0, 0.0, 0.0, 0.0, 0.0, 0.0, 0.0, 0.0, 0.0, 0.0, 0.0, 0.0, 0.0, 0.0, 0.0, 0.0, 0.0, 0.0, -1.0]"
1/aaaaaaa/eadcbgf.bgacgba.cffeeff.gfbeddb.bdaebde.cccdada.afgcegg,"[0.10000000149011612, 0.26499998569488525, 0.503333330154419, 0.1316666603088379, 0.0, 0.0, 0.0, 0.0, 0.0, 0.0, 0.0, 0.0, 0.0, 0.0, 0.0, 0.0, 0.0, 0.0, 0.0, 0.0, 0.0, 0.0, 0.0, 0.0, 0.0, 0.0, 0.0, 0.0, 0.0, 0.0, 0.0, 0.0, 0.0, 0.0, 0.0, 0.0, 0.0, 0.0, 0.0, 0.0, 0.0, 0.0, 0.0, 0.0, 0.0, 0.0, 0.0, 0.0, 0.0, 0.0, 0.0, 0.0, 0.0, 1.0]"
2/-gad-b-bfd/7.7.7.7.3a3.3b3.7,"[1.0, 0.0, 0.0, 0.0, 1.0]"
1/-gad-c-bfd/7.7.7.3d3.3a3.3b3.7,"[0.5004574656486511, 0.4995425343513489, 0.0, 0.0, 0.0, -1.0]"
2/-gae-c-bfd/7.7.7.3d3.3ac2.3b3.7,"[0.0012376237427815795, 0.9820544719696045, 0.016707921400666237, 0.0, 0.0, 0.0, 0.0, 1.0]"
1/-gae-d-bfd/7.7.7.3d3.3ac2.3bd2.7,"[0.03420669585466385, 0.032751090824604034, 0.15866084396839142, 0.03420669585466385, 0.7401746511459351, 0.0, 0.0, 0.0, 0.0, 0.0, -1.0]"
2/-gaf-d-bfd/7.7.7.3dc2.3ac2.3bd2.7,"[0.3806646466255188, 0.02870090678334236, 0.5853474140167236, 0.0052870092913508415, 0.0, 0.0, 0.0, 0.0, 0.0, 0.0, 0.0, 1.0]"
1/-gaf-e-bfd/7.7.7.2ddc2.3ac2.3bd2.7,"[0.4469790458679199, 0.2546239197254181, 0.06411837041378021, 0.022194821387529373, 0.2120838463306427, 0.0, 0.0, 0.0, 0.0, 0.0, 0.0, 0.0, -1.0]"
2/-gaf-eafd/7.7.7.2ddc2.2eac2.3bd2.7,"[0.015711644664406776, 0.010166358202695847, 0.023105360567569733, 0.9454713463783264, 0.004621072206646204, 0.0009242144296877086, 0.0, 0.0, 0.0, 0.0, 0.0, 0.0, 0.0, 0.0, 1.0]"
1/-gad-eafd/7.7.1cc4.2ddc2.2eac2.3bd2.7,"[0.019500304013490677, 0.29433271288871765, 0.4375380873680115, 0.14564290642738342, 0.009750152006745338, 0.07678245007991791, 0.0006093845004215837, 0.004265691619366407, 0.0036563072353601456, 0.007921998389065266, 0.0, 0.0, 0.0, 0.0, 0.0, 0.0, 0.0, 0.0, 0.0, 0.0, -1.0]"
2/-gcd-eafd/7.7.1ccb3.2ddc2.2eac2.3bd2.3b3,"[0.0017064845887944102, 0.0639931708574295, 0.0, 0.8890784978866577, 0.03668941929936409, 0.005972696468234062, 0.002559727057814598, 0.0, 0.0, 0.0, 0.0, 0.0, 0.0, 0.0, 0.0, 0.0, 0.0, 0.0, 0.0, 0.0, 1.0]"
1/-gcd-eafa/7.3g3.1ccbg2.2ddc2.2eac2.3bd2.3bg2,"[0.0025125627871602774, 0.17252930998802185, 0.47989949584007263, 0.3316583037376404, 0.0008375209290534258, 0.0016750418581068516, 0.008375209756195545, 0.0008375209290534258, 0.0008375209290534258, 0.0008375209290534258, 0.0, 0.0, 0.0, 0.0, 0.0, 0.0, 0.0, 0.0, 0.0, 0.0, 0.0, 0.0, 0.0, 0.0, 0.0, -1.0]"
2/-gcd-cafa/3d3.3g3.1ccbg2.2ddc2.2eac2.2dbd2.3bg2,"[0.0032362460624426603, 0.96278315782547, 0.0, 0.0, 0.011326860636472702, 0.022653721272945404, 0.0, 0.0, 0.0, 0.0, 0.0, 0.0, 0.0, 0.0, 0.0, 0.0, 0.0, 0.0, 0.0, 0.0, 0.0, 0.0, 0.0, 0.0, 0.0, 1.0]"
1/-gcd-c-bfa/3d3.3g3.1ccbg2.2ddc2.2eace1.2dbd2.3bg2,"[0.13089701533317566, 0.3960132896900177, 0.03920265659689903, 0.008637873455882072, 0.3308970034122467, 0.012624585069715977, 0.0451827235519886, 0.03455149382352829, 0.0019933555740863085, 0.0, 0.0, 0.0, 0.0, 0.0, 0.0, 0.0, 0.0, 0.0, 0.0, 0.0, 0.0, 0.0, 0.0, 0.0, 0.0, 0.0, 0.0, -1.0]"
2/-gcd-c-bga/3d3.3g3.1ccbg2.1fddc2.2eace1.2dbd2.3bg2,"[0.0010976948542520404, 0.0010976948542520404, 0.0, 0.0, 0.0010976948542520404, 0.9945115447044373, 0.0, 0.0010976948542520404, 0.0, 0.0010976948542520404, 0.0, 0.0, 0.0, 0.0, 0.0, 0.0, 0.0, 0.0, 0.0, 0.0, 0.0, 0.0, 0.0, 0.0, 0.0, 0.0, 0.0, 0.0, 0.0, 1.0]"
1/-gcd-c-bea/3d3.3g3.1ccbg2.ffddc2.2eace1.2dbd2.2fbg2,"[0.07332071661949158, 0.386471152305603, 0.01466414425522089, 0.11636707931756973, 0.043992429971694946, 0.14758750796318054, 0.1906338632106781, 0.0009460737928748131, 0.026017028838396072, 0.0, 0.0, 0.0, 0.0, 0.0, 0.0, 0.0, 0.0, 0.0, 0.0, 0.0, 0.0, 0.0, 0.0, 0.0, 0.0, 0.0, 0.0, 0.0, 0.0, 0.0, -1.0]"
2/-fcd-c-bea/3d3.3ga2.1ccbg2.ffddc2.2eace1.2dbd2.2fbg2,"[0.011536686681210995, 0.699123203754425, 0.0041532074101269245, 0.0041532074101269245, 0.0410706028342247, 0.03461005911231041, 0.1975080817937851, 0.007844947278499603, 0.0, 0.0, 0.0, 0.0, 0.0, 0.0, 0.0, 0.0, 0.0, 0.0, 0.0, 0.0, 0.0, 0.0, 0.0, 0.0, 0.0, 0.0, 0.0, 0.0, 0.0, 0.0, 1.0]"
1/-fcb-c-bea/3d3.3ga2.cccbg2.ffddc2.2eace1.2dbdc1.2fbg2,"[0.0015649452107027173, 0.08763693273067474, 0.0015649452107027173, 0.8179447054862976, 0.007303077727556229, 0.014606155455112457, 0.009389671497046947, 0.054773081094026566, 0.002608241979032755, 0.002608241979032755, 0.0, 0.0, 0.0, 0.0, 0.0, 0.0, 0.0, 0.0, 0.0, 0.0, 0.0, 0.0, 0.0, 0.0, 0.0, 0.0, 0.0, 0.0, 0.0, 0.0, 0.0, 0.0, 0.0, 0.0, -1.0]"
2/-ccb-c-bea/3da2.2aga2.cccbg2.ffddc2.1aeace1.2dbdc1.2fbg2,"[0.0011587485205382109, 0.0017381227808073163, 0.023174971342086792, 0.7636153101921082, 0.04924681410193443, 0.0046349940821528435, 0.03823870047926903, 0.0005793742602691054, 0.03244495764374733, 0.002896871417760849, 0.05793742835521698, 0.0005793742602691054, 0.002896871417760849, 0.0011587485205382109, 0.018539976328611374, 0.0011587485205382109, 0.0, 0.0, 0.0, 0.0, 0.0, 0.0, 0.0, 0.0, 0.0, 0.0, 0.0, 0.0, 0.0, 0.0, 0.0, 0.0, 0.0, 0.0, 0.0, 0.0, 0.0, 0.0, 0.0, 0.0, 0.0, 0.0, 0.0, 1.0]"
1/-c-bb-c-bea/3da2.2aga2.cccbg2.ffddcb1.1aeace1.1bdbdc1.2fbgb1,"[0.0018170805415138602, 0.0, 0.10417928546667099, 0.002422773977741599, 0.0, 0.0018170805415138602, 0.05511811003088951, 0.0, 0.05632949620485306, 0.6826165914535522, 0.0018170805415138602, 0.002422773977741599, 0.08721986413002014, 0.0042398544028401375, 0.0, 0.0, 0.0, 0.0, 0.0, 0.0, 0.0, 0.0, 0.0, 0.0, 0.0, 0.0, 0.0, 0.0, 0.0, 0.0, 0.0, 0.0, 0.0, 0.0, 0.0, 0.0, 0.0, 0.0, 0.0, 0.0, 0.0, 0.0, 0.0, 0.0, 0.0, -1.0]"
2/-c-bb-ccea/3da2.1eaga2.cccbge1.ffddcb1.1aeace1.1bdbdc1.1efbgb1,"[0.0017406439874321222, 0.0017406439874321222, 0.0008703219937160611, 0.05918189883232117, 0.9155787825584412, 0.013925151899456978, 0.0008703219937160611, 0.0008703219937160611, 0.0008703219937160611, 0.002610966097563505, 0.0008703219937160611, 0.0008703219937160611, 0.0, 0.0, 0.0, 0.0, 0.0, 0.0, 0.0, 0.0, 0.0, 0.0, 0.0, 0.0, 0.0, 0.0, 0.0, 0.0, 0.0, 0.0, 0.0, 0.0, 0.0, 0.0, 0.0, 0.0, 0.0, 0.0, 0.0, 0.0, 0.0, 0.0, 0.0, 0.0, 0.0, 1.0]"
1/-c-bb-ccba/3da2.1eagaf1.cccbge1.ffddcbf.faeace1.1bdbdc1.1efbgb1,"[0.0021574972197413445, 0.0021574972197413445, 0.005393743049353361, 0.24811218678951263, 0.0032362460624426603, 0.049622438848018646, 0.5933117866516113, 0.056094929575920105, 0.008629988878965378, 0.0021574972197413445, 0.022653721272945404, 0.0032362460624426603, 0.0, 0.0032362460624426603, 0.0, 0.0, 0.0, 0.0, 0.0, 0.0, 0.0, 0.0, 0.0, 0.0, 0.0, 0.0, 0.0, 0.0, 0.0, 0.0, 0.0, 0.0, 0.0, 0.0, 0.0, 0.0, 0.0, 0.0, 0.0, 0.0, 0.0, 0.0, 0.0, 0.0, 0.0, 0.0, 0.0, 0.0, 0.0, 0.0, -1.0]"
2/a-bb-ccba/3daa1.1eagaf1.cccbge1.ffddcbf.faeacea.1bdbdc1.1efbgb1,"[0.006160164251923561, 0.002053388161584735, 0.336755633354187, 0.00410677632316947, 0.4004106819629669, 0.0030800821259617805, 0.020533880218863487, 0.13655030727386475, 0.009240246377885342, 0.07084188610315323, 0.0010266940807923675, 0.009240246377885342, 0.0, 0.0, 0.0, 0.0, 0.0, 0.0, 0.0, 0.0, 0.0, 0.0, 0.0, 0.0, 0.0, 0.0, 0.0, 0.0, 0.0, 0.0, 0.0, 0.0, 0.0, 0.0, 0.0, 0.0, 0.0, 0.0, 0.0, 0.0, 0.0, 0.0, 0.0, 0.0, 0.0, 0.0, 0.0, 0.0, 0.0, 0.0, 1.0]"
1/a-bb-ccb-c/2gdaa1.1eagaf1.cccbge1.ffddcbf.faeacea.gbdbdc1.1efbgb1,"[0.010309278033673763, 0.32216495275497437, 0.003436426166445017, 0.059278350323438644, 0.012886597774922848, 0.524055004119873, 0.027491409331560135, 0.005154639016836882, 0.025773195549845695, 0.002577319508418441, 0.004295532591640949, 0.002577319508418441, 0.0, 0.0, 0.0, 0.0, 0.0, 0.0, 0.0, 0.0, 0.0, 0.0, 0.0, 0.0, 0.0, 0.0, 0.0, 0.0, 0.0, 0.0, 0.0, 0.0, 0.0, 0.0, 0.0, 0.0, 0.0, 0.0, 0.0, 0.0, 0.0, 0.0, 0.0, 0.0, 0.0, 0.0, 0.0, 0.0, 0.0, 0.0, 0.0, 0.0, -1.0]"
2/a-bbacb-c/2gdaa1.1eagaf1.cccbge1.ffddcbf.faeacea.gbdbdcd.defbgb1,"[0.4980106055736542, 0.056366048753261566, 0.01326259970664978, 0.015915120020508766, 0.005968169774860144, 0.008620689623057842, 0.3746684491634369, 0.005305039696395397, 0.021883288398385048, 0.0, 0.0, 0.0, 0.0, 0.0, 0.0, 0.0, 0.0, 0.0, 0.0, 0.0, 0.0, 0.0, 0.0, 0.0, 0.0, 0.0, 0.0, 0.0, 0.0, 0.0, 0.0, 0.0, 0.0, 0.0, 0.0, 0.0, 0.0, 0.0, 0.0, 0.0, 0.0, 0.0, 0.0, 0.0, 0.0, 0.0, 0.0, 0.0, 0.0, 0.0, 0.0, 1.0]"
1/a-bbaab-c/1egdaa1.1eagaf1.cccbgee.ffddcbf.faeacea.gbdbdcd.defbgb1,"[0.0060606058686971664, 0.918181836605072, 0.010101010091602802, 0.012121211737394333, 0.002020202111452818, 0.0030303029343485832, 0.039393939077854156, 0.002020202111452818, 0.007070707157254219, 0.0, 0.0, 0.0, 0.0, 0.0, 0.0, 0.0, 0.0, 0.0, 0.0, 0.0, 0.0, 0.0, 0.0, 0.0, 0.0, 0.0, 0.0, 0.0, 0.0, 0.0, 0.0, 0.0, 0.0, 0.0, 0.0, 0.0, 0.0, 0.0, 0.0, 0.0, 0.0, 0.0, 0.0, 0.0, 0.0, 0.0, 0.0, 0.0, 0.0, 0.0, 0.0, 0.0, 0.0, -1.0]"
2/a-bbaaba/1egdaa1.geagafg.cccbgee.ffddcbf.faeacea.gbdbdcd.defbgb1,"[0.01123595517128706, 0.051364365965127945, 0.01765650138258934, 0.6276083588600159, 0.04815409332513809, 0.028892455622553825, 0.2038523256778717, 0.0032102728728204966, 0.008025682531297207, 0.0, 0.0, 0.0, 0.0, 0.0, 0.0, 0.0, 0.0, 0.0, 0.0, 0.0, 0.0, 0.0, 0.0, 0.0, 0.0, 0.0, 0.0, 0.0, 0.0, 0.0, 0.0, 0.0, 0.0, 0.0, 0.0, 0.0, 0.0, 0.0, 0.0, 0.0, 0.0, 0.0, 0.0, 0.0, 0.0, 0.0, 0.0, 0.0, 0.0, 0.0, 0.0, 0.0, 0.0, 0.0, 0.0, 1.0]"
1/a-bbaaaa/1egdaa1.geagafg.cccbgee.ffddcbf.faeacea.gbdbdcd.defbgbf,"[0.008592911064624786, 0.02255639061331749, 0.12030075490474701, 0.7765843272209167, 0.026852846145629883, 0.01933404989540577, 0.02577873319387436, 0.0, 0.0, 0.0, 0.0, 0.0, 0.0, 0.0, 0.0, 0.0, 0.0, 0.0, 0.0, 0.0, 0.0, 0.0, 0.0, 0.0, 0.0, 0.0, 0.0, 0.0, 0.0, 0.0, 0.0, 0.0, 0.0, 0.0, 0.0, 0.0, 0.0, 0.0, 0.0, 0.0, 0.0, 0.0, 0.0, 0.0, 0.0, 0.0, 0.0, 0.0, 0.0, 0.0, 0.0, 0.0, 0.0, 0.0, -1.0]"
2/aabaaaa/1egdaab.geagafg.cccbgee.ffddcbf.faeacea.gbdbdcd.defbgbf,"[0.08309859037399292, 0.4676056206226349, 0.2380281686782837, 0.17605634033679962, 0.035211268812417984, 0.0, 0.0, 0.0, 0.0, 0.0, 0.0, 0.0, 0.0, 0.0, 0.0, 0.0, 0.0, 0.0, 0.0, 0.0, 0.0, 0.0, 0.0, 0.0, 0.0, 0.0, 0.0, 0.0, 0.0, 0.0, 0.0, 0.0, 0.0, 0.0, 0.0, 0.0, 0.0, 0.0, 0.0, 0.0, 0.0, 0.0, 0.0, 0.0, 0.0, 0.0, 0.0, 0.0, 0.0, 0.0, 0.0, 0.0, 0.0, 1.0]"
1/aaaaaaa/cegdaab.geagafg.cccbgee.ffddcbf.faeacea.gbdbdcd.defbgbf,"[0.1850000023841858, 0.3166666626930237, 0.43166667222976685, 0.06666667014360428, 0.0, 0.0, 0.0, 0.0, 0.0, 0.0, 0.0, 0.0, 0.0, 0.0, 0.0, 0.0, 0.0, 0.0, 0.0, 0.0, 0.0, 0.0, 0.0, 0.0, 0.0, 0.0, 0.0, 0.0, 0.0, 0.0, 0.0, 0.0, 0.0, 0.0, 0.0, 0.0, 0.0, 0.0, 0.0, 0.0, 0.0, 0.0, 0.0, 0.0, 0.0, 0.0, 0.0, 0.0, 0.0, 0.0, 0.0, 0.0, 0.0, -1.0]"
2/-da-dddbb/7.7.7.7.3b3.7.7,"[1.0, 0.0, -1.0]"
1/-da-dcdbb/7.6d.7.7.3b3.7.7,"[0.5815602540969849, 0.41843971610069275, 0.0, 0.0, 1.0]"
2/-da-ccdbb/7.6d.7.3c3.3b3.7.7,"[0.2590799033641815, 0.31315577030181885, 0.42776432633399963, 0.0, 0.0, 0.0, -1.0]"
1/-ea-ccdbb/7.6d.7.3ca2.3b3.7.7,"[0.13136456906795502, 0.08452138304710388, 0.6517311334609985, 0.13238288462162018, 0.0, 0.0, 0.0, 0.0, 1.0]"
2/-eb-ccdbb/7.6d.5b1.3ca2.3b3.7.7,"[0.03496503457427025, 0.29759129881858826, 0.2960372865200043, 0.038073036819696426, 0.03574203699827194, 0.29759129881858826, 0.0, 0.0, 0.0, 0.0, 0.0, -1.0]"
1/-eb-ccd-bb/7.6d.4fb1.3ca2.3b3.3f3.7,"[0.005524862091988325, 0.040883976966142654, 0.760221004486084, 0.1204419881105423, 0.0011049723252654076, 0.07071822881698608, 0.0011049723252654076, 0.0, 0.0, 0.0, 0.0, 0.0, 0.0, 0.0, 1.0]"
2/-eb-bcd-bb/7.6d.3cfb1.3ca2.3b3.3f3.7,"[0.154852032661438, 0.21059876680374146, 0.22986923158168793, 0.12250515818595886, 0.2821747958660126, 0.0, 0.0, 0.0, 0.0, 0.0, 0.0, 0.0, 0.0, -1.0]"
1/-fb-bcd-bb/7.6d.3cfb1.3caa1.3b3.3f3.7,"[0.008667388930916786, 0.02166847325861454, 0.033586133271455765, 0.9252437949180603, 0.01083423662930727, 0.0, 0.0, 0.0, 0.0, 0.0, 0.0, 0.0, 0.0, 0.0, 1.0]"
2/-fb-bdd-bb/7.6d.3cfbd.3caa1.3b3.3f3.7,"[0.16085059940814972, 0.15158124268054962, 0.24482005834579468, 0.17666302621364594, 0.04307524487376213, 0.22300980985164642, 0.0, 0.0, 0.0, 0.0, 0.0, 0.0, 0.0, 0.0, 0.0, 0.0, -1.0]"
1/-fa-bdd-bb/7.6d.3cfbd.3caab.3b3.3f3.7,"[0.009723260998725891, 0.043380703777074814, 0.9237098097801208, 0.02318623848259449, 0.0, 0.0, 0.0, 0.0, 0.0, 0.0, 0.0, 0.0, 0.0, 0.0, 0.0, 1.0]"
2/-faadd-bb/7.5cd.3cfbd.3caab.3b3.3f3.7,"[0.4688691198825836, 0.26874205470085144, 0.07369758933782578, 0.1321474015712738, 0.0006353239878080785, 0.05590851232409477, 0.0, 0.0, 0.0, 0.0, 0.0, 0.0, 0.0, 0.0, 0.0, 0.0, 0.0, 0.0, -1.0]"
1/-faadd-b-b/7.4gcd.3cfbd.3caab.3bg2.3f3.7,"[0.0020263425540179014, 0.9878419637680054, 0.0010131712770089507, 0.006079027429223061, 0.0010131712770089507, 0.0010131712770089507, 0.0010131712770089507, 0.0, 0.0, 0.0, 0.0, 0.0, 0.0, 0.0, 0.0, 0.0, 0.0, 0.0, 0.0, 0.0, 0.0, 1.0]"
2/-faadd-bc/7.3ggcd.2gcfbd.3caab.3bgg1.3f3.7,"[0.00835475604981184, 0.2956298291683197, 0.24935732781887054, 0.20629820227622986, 0.0, 0.0, 0.1471722424030304, 0.0, 0.09318765997886658, 0.0, 0.0, 0.0, 0.0, 0.0, 0.0, 0.0, 0.0, 0.0, 0.0, 0.0, 0.0, 0.0, 0.0, 0.0, 0.0, 0.0, 0.0, -1.0]"
1/-faadb-bc/7.2eggcd.2gcfbd.2ecaab.3bgg1.3f3.7,"[0.0047846888191998005, 0.9157894849777222, 0.009569377638399601, 0.0047846888191998005, 0.04114832356572151, 0.021052632480859756, 0.0028708134777843952, 0.0, 0.0, 0.0, 0.0, 0.0, 0.0, 0.0, 0.0, 0.0, 0.0, 0.0, 0.0, 0.0, 0.0, 0.0, 0.0, 0.0, 0.0, 0.0, 1.0]"
2/-daadb-bc/3a3.2eggcd.1agcfbd.2ecaab.3bgg1.3f3.7,"[0.010447761043906212, 0.6656716465950012, 0.0014925373252481222, 0.305970162153244, 0.0014925373252481222, 0.0014925373252481222, 0.005970149300992489, 0.0014925373252481222, 0.005970149300992489, 0.0, 0.0, 0.0, 0.0, 0.0, 0.0, 0.0, 0.0, 0.0, 0.0, 0.0, 0.0, 0.0, 0.0, 0.0, 0.0, 0.0, 0.0, 0.0, 0.0, 0.0, 0.0, -1.0]"
1/-daad-b-bc/2ea3.2eggcd.1agcfbd.1eecaab.3bgg1.3f3.7,"[0.026658767834305763, 0.042061612010002136, 0.010071090422570705, 0.8649289011955261, 0.002369668334722519, 0.005331753753125668, 0.026658767834305763, 0.016587678343057632, 0.004739336669445038, 0.0005924170836806297, 0.0, 0.0, 0.0, 0.0, 0.0, 0.0, 0.0, 0.0, 0.0, 0.0, 0.0, 0.0, 0.0, 0.0, 0.0, 0.0, 0.0, 0.0, 0.0, 0.0, 0.0, 0.0, 0.0, 1.0]"
2/-dacd-b-bc/2ea3.2eggcd.1agcfbd.1eecaab.3bggc.3f3.3c3,"[0.008660214021801949, 0.07182883471250534, 0.02903718873858452, 0.21141110360622406, 0.0025471218395978212, 0.02190524712204933, 0.005603667814284563, 0.09169638156890869, 0.55476313829422, 0.0025471218395978212, 0.0, 0.0, 0.0, 0.0, 0.0, 0.0, 0.0, 0.0, 0.0, 0.0, 0.0, 0.0, 0.0, 0.0, 0.0, 0.0, 0.0, 0.0, 0.0, 0.0, 0.0, 0.0, 0.0, 0.0, 0.0, -1.0]"
1/-d-ccd-b-bc/2eab2.1beggcd.1agcfbd.1eecaab.3bggc.3f3.3c3,"[0.001336898421868682, 0.040775399655103683, 0.012032085098326206, 0.9117646813392639, 0.000668449210934341, 0.002005347516387701, 0.000668449210934341, 0.000668449210934341, 0.028743315488100052, 0.001336898421868682, 0.0, 0.0, 0.0, 0.0, 0.0, 0.0, 0.0, 0.0, 0.0, 0.0, 0.0, 0.0, 0.0, 0.0, 0.0, 0.0, 0.0, 0.0, 0.0, 0.0, 0.0, 0.0, 0.0, 0.0, 0.0, 0.0, 0.0, 1.0]"
2/a-ccd-b-bc/1aeaba1.1beggcd.1agcfbd.1eecaab.3bggc.3fa2.3c3,"[0.0020761245395988226, 0.0027681661304086447, 0.6207612752914429, 0.12456747144460678, 0.0, 0.06989619135856628, 0.0006920415326021612, 0.0006920415326021612, 0.0013840830652043223, 0.17301037907600403, 0.0034602077212184668, 0.0006920415326021612, 0.0, 0.0, 0.0, 0.0, 0.0, 0.0, 0.0, 0.0, 0.0, 0.0, 0.0, 0.0, 0.0, 0.0, 0.0, 0.0, 0.0, 0.0, 0.0, 0.0, 0.0, 0.0, 0.0, 0.0, 0.0, 0.0, 0.0, 0.0, 0.0, 0.0, -1.0]"
1/a-ccd-b-ba/gaeaba1.1beggcd.1agcfbd.1eecaab.2gbggc.3fa2.3c3,"[0.0015885623870417476, 0.6719619035720825, 0.005559968296438456, 0.09372518211603165, 0.0015885623870417476, 0.0007942811935208738, 0.01429706159979105, 0.0023828435223549604, 0.204924538731575, 0.0015885623870417476, 0.0015885623870417476, 0.0, 0.0, 0.0, 0.0, 0.0, 0.0, 0.0, 0.0, 0.0, 0.0, 0.0, 0.0, 0.0, 0.0, 0.0, 0.0, 0.0, 0.0, 0.0, 0.0, 0.0, 0.0, 0.0, 0.0, 0.0, 0.0, 0.0, 0.0, 0.0, 0.0, 0.0, 0.0, 1.0]"
2/aacd-b-ba/gaeabab.1beggcd.1agcfbd.1eecaab.1bgbggc.3fa2.3c3,"[0.013175230473279953, 0.007905138656497002, 0.8695651888847351, 0.0065876152366399765, 0.0013175230706110597, 0.07114624232053757, 0.02239789254963398, 0.007905138656497002, 0.0, 0.0, 0.0, 0.0, 0.0, 0.0, 0.0, 0.0, 0.0, 0.0, 0.0, 0.0, 0.0, 0.0, 0.0, 0.0, 0.0, 0.0, 0.0, 0.0, 0.0, 0.0, 0.0, 0.0, 0.0, 0.0, 0.0, 0.0, 0.0, 0.0, 0.0, 0.0, 0.0, 0.0, -1.0]"
1/aacd-b-da/gaeabab.1beggcd.1agcfbd.1eecaab.1bgbggc.2ffaf1.3c3,"[0.004189944360405207, 0.006983240135014057, 0.7220670580863953, 0.004189944360405207, 0.002793296007439494, 0.013966480270028114, 0.002793296007439494, 0.22346368432044983, 0.016759777441620827, 0.002793296007439494, 0.0, 0.0, 0.0, 0.0, 0.0, 0.0, 0.0, 0.0, 0.0, 0.0, 0.0, 0.0, 0.0, 0.0, 0.0, 0.0, 0.0, 0.0, 0.0, 0.0, 0.0, 0.0, 0.0, 0.0, 0.0, 0.0, 0.0, 0.0, 0.0, 0.0, 0.0, 0.0, 0.0, 0.0, 0.0, 0.0, 1.0]"
2/aacda-da/gaeabab.1beggcd.1agcfbd.1eecaab.1bgbggc.1effaf1.3c3,"[0.3603896200656891, 0.05600649490952492, 0.001623376621864736, 0.41801947355270386, 0.09496752917766571, 0.03896103799343109, 0.03003246709704399, 0.0, 0.0, 0.0, 0.0, 0.0, 0.0, 0.0, 0.0, 0.0, 0.0, 0.0, 0.0, 0.0, 0.0, 0.0, 0.0, 0.0, 0.0, 0.0, 0.0, 0.0, 0.0, 0.0, 0.0, 0.0, 0.0, 0.0, 0.0, 0.0, 0.0, 0.0, 0.0, 0.0, 0.0, 0.0, 0.0, 0.0, -1.0]"
1/aacba-da/gaeabab.dbeggcd.1agcfbd.1eecaab.1bgbggc.1effafd.3c3,"[0.0232220608741045, 0.01015965174883604, 0.02467343956232071, 0.9187228083610535, 0.005805515218526125, 0.0, 0.017416546121239662, 0.0, 0.0, 0.0, 0.0, 0.0, 0.0, 0.0, 0.0, 0.0, 0.0, 0.0, 0.0, 0.0, 0.0, 0.0, 0.0, 0.0, 0.0, 0.0, 0.0, 0.0, 0.0, 0.0, 0.0, 0.0, 0.0, 0.0, 0.0, 0.0, 0.0, 0.0, 0.0, 0.0, 0.0, 0.0, 0.0, 0.0, 0.0, 0.0, 1.0]"
2/aacba-ca/gaeabab.dbeggcd.fagcfbd.1eecaab.1bgbggc.1effafd.3c3,"[0.2723463773727417, 0.12290503084659576, 0.12569832801818848, 0.0642458125948906, 0.13826815783977509, 0.27653631567955017, 0.0, 0.0, 0.0, 0.0, 0.0, 0.0, 0.0, 0.0, 0.0, 0.0, 0.0, 0.0, 0.0, 0.0, 0.0, 0.0, 0.0, 0.0, 0.0, 0.0, 0.0, 0.0, 0.0, 0.0, 0.0, 0.0, 0.0, 0.0, 0.0, 0.0, 0.0, 0.0, 0.0, 0.0, 0.0, 0.0, 0.0, 0.0, 0.0, 0.0, -1.0]"
1/aacb-b-ca/gaeabab.dbeggcd.fagcfbd.1eecaab.1bgbggc.1effafd.2ec3,"[0.017875920981168747, 0.034700315445661545, 0.008412197232246399, 0.04416403919458389, 0.7549947500228882, 0.007360673043876886, 0.12302839010953903, 0.009463722817599773, 0.0, 0.0, 0.0, 0.0, 0.0, 0.0, 0.0, 0.0, 0.0, 0.0, 0.0, 0.0, 0.0, 0.0, 0.0, 0.0, 0.0, 0.0, 0.0, 0.0, 0.0, 0.0, 0.0, 0.0, 0.0, 0.0, 0.0, 0.0, 0.0, 0.0, 0.0, 0.0, 0.0, 0.0, 0.0, 0.0, 0.0, 0.0, 0.0, 0.0, 0.0, 1.0]"
2/aacba-ca/gaeabab.dbeggcd.fagcfbd.1eecaab.1bgbggc.1effafd.1eec3,"[0.34669339656829834, 0.10420841723680496, 0.13326653838157654, 0.037074148654937744, 0.3527054190635681, 0.02605210430920124, 0.0, 0.0, 0.0, 0.0, 0.0, 0.0, 0.0, 0.0, 0.0, 0.0, 0.0, 0.0, 0.0, 0.0, 0.0, 0.0, 0.0, 0.0, 0.0, 0.0, 0.0, 0.0, 0.0, 0.0, 0.0, 0.0, 0.0, 0.0, 0.0, 0.0, 0.0, 0.0, 0.0, 0.0, 0.0, 0.0, 0.0, 0.0, 0.0, 0.0, 0.0, 0.0, -1.0]"
1/aacaa-ca/gaeabab.dbeggcd.fagcfbd.deecaab.1bgbggc.1effafd.1eec3,"[0.02103467844426632, 0.01819215528666973, 0.22683343291282654, 0.6543490886688232, 0.050028424710035324, 0.01648664101958275, 0.013075611554086208, 0.0, 0.0, 0.0, 0.0, 0.0, 0.0, 0.0, 0.0, 0.0, 0.0, 0.0, 0.0, 0.0, 0.0, 0.0, 0.0, 0.0, 0.0, 0.0, 0.0, 0.0, 0.0, 0.0, 0.0, 0.0, 0.0, 0.0, 0.0, 0.0, 0.0, 0.0, 0.0, 0.0, 0.0, 0.0, 0.0, 0.0, 0.0, 0.0, 0.0, 0.0, 0.0, 0.0, 1.0]"
2/aacaaaa/gaeabab.dbeggcd.fagcfbd.deecaab.fbgbggc.1effafd.1eecf2,"[0.018945634365081787, 0.012355848215520382, 0.0008237232104875147, 0.9555189609527588, 0.003294892841950059, 0.003294892841950059, 0.005766062531620264, 0.0, 0.0, 0.0, 0.0, 0.0, 0.0, 0.0, 0.0, 0.0, 0.0, 0.0, 0.0, 0.0, 0.0, 0.0, 0.0, 0.0, 0.0, 0.0, 0.0, 0.0, 0.0, 0.0, 0.0, 0.0, 0.0, 0.0, 0.0, 0.0, 0.0, 0.0, 0.0, 0.0, 0.0, 0.0, 0.0, 0.0, 0.0, 0.0, 0.0, 0.0, 0.0, 0.0, 0.0, 0.0, -1.0]"
1/aaaaaaa/gaeabab.dbeggcd.fagcfbd.deecaab.fbgbggc.ceffafd.1eecfc1,"[0.013586956076323986, 0.019021738320589066, 0.05570652335882187, 0.835597813129425, 0.013586956076323986, 0.014945652335882187, 0.04755434766411781, 0.0, 0.0, 0.0, 0.0, 0.0, 0.0, 0.0, 0.0, 0.0, 0.0, 0.0, 0.0, 0.0, 0.0, 0.0, 0.0, 0.0, 0.0, 0.0, 0.0, 0.0, 0.0, 0.0, 0.0, 0.0, 0.0, 0.0, 0.0, 0.0, 0.0, 0.0, 0.0, 0.0, 0.0, 0.0, 0.0, 0.0, 0.0, 0.0, 0.0, 0.0, 0.0, 0.0, 0.0, 0.0, 0.0, 0.0, 1.0]"
2/aaabaaa/gaeabab.dbeggcd.fagcfbd.deecaab.fbgbggc.ceffafd.1eecfcd,"[0.1031746044754982, 0.15555556118488312, 0.24126984179019928, 0.2825396955013275, 0.21746031939983368, 0.0, 0.0, 0.0, 0.0, 0.0, 0.0, 0.0, 0.0, 0.0, 0.0, 0.0, 0.0, 0.0, 0.0, 0.0, 0.0, 0.0, 0.0, 0.0, 0.0, 0.0, 0.0, 0.0, 0.0, 0.0, 0.0, 0.0, 0.0, 0.0, 0.0, 0.0, 0.0, 0.0, 0.0, 0.0, 0.0, 0.0, 0.0, 0.0, 0.0, 0.0, 0.0, 0.0, 0.0, 0.0, 0.0, 0.0, 0.0, -1.0]"
1/aaaaaaa/gaeabab.dbeggcd.fagcfbd.deecaab.fbgbggc.ceffafd.deecfcd,"[0.008333333767950535, 0.008333333767950535, 0.05166666582226753, 0.925000011920929, 0.006666666828095913, 0.0, 0.0, 0.0, 0.0, 0.0, 0.0, 0.0, 0.0, 0.0, 0.0, 0.0, 0.0, 0.0, 0.0, 0.0, 0.0, 0.0, 0.0, 0.0, 0.0, 0.0, 0.0, 0.0, 0.0, 0.0, 0.0, 0.0, 0.0, 0.0, 0.0, 0.0, 0.0, 0.0, 0.0, 0.0, 0.0, 0.0, 0.0, 0.0, 0.0, 0.0, 0.0, 0.0, 0.0, 0.0, 0.0, 0.0, 0.0, 0.0, 1.0]"
2/-ef-fga-g-c/7.1e5.1ge4.1gce3.1cgdf2.2bba2.7,"[0.0026212320663034916, 0.2346002608537674, 0.007863695733249187, 0.0, 0.0, 0.0, 0.0, 0.0, 0.7221494317054749, 0.03276539966464043, 0.0, 0.0, 0.0, 0.0, 0.0, 0.0, 0.0, 0.0, 0.0, 0.0, 0.0, 0.0, 0.0, 0.0, 1.0]"
1/-ff-fga-g-c/7.1e5.1ge4.1gce3.1cgdfa1.2bba2.7,"[0.005517241545021534, 0.022068966180086136, 0.014482758939266205, 0.040689654648303986, 0.007586206775158644, 0.011034483090043068, 0.006206896621733904, 0.03379310294985771, 0.11310344934463501, 0.17448276281356812, 0.056551724672317505, 0.5144827365875244, 0.0, 0.0, 0.0, 0.0, 0.0, 0.0, 0.0, 0.0, 0.0, 0.0, 0.0, 0.0, 0.0, 0.0, -1.0]"
2/-ff-fga-c-c/7.1e5.1gef3.1gce3.1cgdfaf.1fbba2.4f2,"[0.0017321016639471054, 0.0, 0.0, 0.48556581139564514, 0.4913395047187805, 0.013856813311576843, 0.0, 0.007505773566663265, 0.0, 0.0, 0.0, 0.0, 0.0, 0.0, 0.0, 0.0, 0.0, 0.0, 0.0, 0.0, 0.0, 0.0, 0.0, 0.0, 0.0, 0.0, 0.0, 0.0, 0.0, 0.0, 0.0, 0.0, 0.0, 0.0, 1.0]"
1/-ff-fea-c-c/7.1ed4.1gef3.1gced2.1cgdfaf.1fbba2.4f2,"[0.03291536122560501, 0.0023510970640927553, 0.8879310488700867, 0.010188087821006775, 0.0031347961630672216, 0.0031347961630672216, 0.0023510970640927553, 0.0007836990407668054, 0.0031347961630672216, 0.0031347961630672216, 0.028996864333748817, 0.0007836990407668054, 0.00705329142510891, 0.0007836990407668054, 0.0007836990407668054, 0.0007836990407668054, 0.0007836990407668054, 0.0007836990407668054, 0.010188087821006775, 0.0, 0.0, 0.0, 0.0, 0.0, 0.0, 0.0, 0.0, 0.0, 0.0, 0.0, 0.0, 0.0, 0.0, 0.0, 0.0, 0.0, 0.0, 0.0, 0.0, -1.0]"
2/-ff-cea-c-c/7.1ed4.1gefc2.1gced2.ccgdfaf.1fbba2.3cf2,"[0.0013404826167970896, 0.0013404826167970896, 0.0, 0.0, 0.9075067043304443, 0.0, 0.0, 0.06166219711303711, 0.0, 0.0, 0.021447721868753433, 0.006702412851154804, 0.0, 0.0, 0.0, 0.0, 0.0, 0.0, 0.0, 0.0, 0.0, 0.0, 0.0, 0.0, 0.0, 0.0, 0.0, 0.0, 0.0, 0.0, 0.0, 0.0, 0.0, 0.0, 0.0, 0.0, 0.0, 0.0, 0.0, 1.0]"
1/-fd-cea-c-c/7.1edb3.1gefc2.bgced2.ccgdfaf.1fbba2.3cf2,"[0.0008084074361249804, 0.0008084074361249804, 0.11883589625358582, 0.03233629837632179, 0.012934518977999687, 0.6022635698318481, 0.17380760610103607, 0.014551334083080292, 0.0008084074361249804, 0.016976555809378624, 0.0008084074361249804, 0.007275667041540146, 0.004850444849580526, 0.0008084074361249804, 0.0008084074361249804, 0.00889248214662075, 0.001616814872249961, 0.0008084074361249804, 0.0, 0.0, 0.0, 0.0, 0.0, 0.0, 0.0, 0.0, 0.0, 0.0, 0.0, 0.0, 0.0, 0.0, 0.0, 0.0, 0.0, 0.0, 0.0, 0.0, 0.0, 0.0, 0.0, 0.0, 0.0, -1.0]"
2/-fd-cea-cb/7.1edb3.1gefc2.bgcedg1.ccgdfaf.1fbbag1.2gcf2,"[0.0022522523067891598, 0.0, 0.010135134682059288, 0.0, 0.04279279336333275, 0.0, 0.0, 0.0810810774564743, 0.7184684872627258, 0.0033783784601837397, 0.0, 0.0, 0.0033783784601837397, 0.09797297418117523, 0.0022522523067891598, 0.0, 0.0022522523067891598, 0.0, 0.036036036908626556, 0.0, 0.0, 0.0, 0.0, 0.0, 0.0, 0.0, 0.0, 0.0, 0.0, 0.0, 0.0, 0.0, 0.0, 0.0, 0.0, 0.0, 0.0, 0.0, 0.0, 0.0, 0.0, 0.0, 0.0, 0.0, 0.0, 0.0, 0.0, 0.0, 0.0, 1.0]"
1/-fd-cca-cb/7.1edb3.1gefc2.bgcedg1.ccgdfaf.dfbbagd.2gcf2,"[0.0009354536887258291, 0.0028063610661774874, 0.017773620784282684, 0.0028063610661774874, 0.0028063610661774874, 0.0009354536887258291, 0.1272217035293579, 0.0018709073774516582, 0.4752104878425598, 0.0009354536887258291, 0.27034610509872437, 0.0009354536887258291, 0.0795135647058487, 0.01590271294116974, 0.0, 0.0, 0.0, 0.0, 0.0, 0.0, 0.0, 0.0, 0.0, 0.0, 0.0, 0.0, 0.0, 0.0, 0.0, 0.0, 0.0, 0.0, 0.0, 0.0, 0.0, 0.0, 0.0, 0.0, 0.0, 0.0, 0.0, 0.0, 0.0, 0.0, -1.0]"
2/-cd-cca-cb/3a3.1edb3.1gefc2.bgcedga.ccgdfaf.dfbbagd.1agcf2,"[0.0026420080102980137, 0.026420079171657562, 0.6208718419075012, 0.017173051834106445, 0.0013210040051490068, 0.0, 0.0026420080102980137, 0.0026420080102980137, 0.04623514041304588, 0.0, 0.2747688293457031, 0.0, 0.003963011782616377, 0.0013210040051490068, 0.0, 0.0, 0.0, 0.0, 0.0, 0.0, 0.0, 0.0, 0.0, 0.0, 0.0, 0.0, 0.0, 0.0, 0.0, 0.0, 0.0, 0.0, 0.0, 0.0, 0.0, 0.0, 0.0, 0.0, 0.0, 0.0, 0.0, 0.0, 0.0, 0.0, 0.0, 0.0, 0.0, 1.0]"
1/-cd-caa-cb/3a3.1edb3.1gefc2.bgcedga.ccgdfaf.dfbbagd.dagcfd1,"[0.002617801073938608, 0.05890052393078804, 0.002617801073938608, 0.002617801073938608, 0.001308900536969304, 0.001308900536969304, 0.003926701378077269, 0.05628272145986557, 0.5693717002868652, 0.08507853746414185, 0.001308900536969304, 0.20680628716945648, 0.007853402756154537, 0.0, 0.0, 0.0, 0.0, 0.0, 0.0, 0.0, 0.0, 0.0, 0.0, 0.0, 0.0, 0.0, 0.0, 0.0, 0.0, 0.0, 0.0, 0.0, 0.0, 0.0, 0.0, 0.0, 0.0, 0.0, 0.0, 0.0, 0.0, 0.0, 0.0, 0.0, 0.0, 0.0, 0.0, 0.0, -1.0]"
2/-cdaaa-cb/3a3.1edb3.1gefcc1.bgcedga.ccgdfaf.dfbbagd.dagcfdc,"[0.0031545741949230433, 0.7018927335739136, 0.004731861408799887, 0.004731861408799887, 0.26025235652923584, 0.0015772870974615216, 0.02365930564701557, 0.0, 0.0, 0.0, 0.0, 0.0, 0.0, 0.0, 0.0, 0.0, 0.0, 0.0, 0.0, 0.0, 0.0, 0.0, 0.0, 0.0, 0.0, 0.0, 0.0, 0.0, 0.0, 0.0, 0.0, 0.0, 0.0, 0.0, 0.0, 0.0, 0.0, 0.0, 0.0, 0.0, 0.0, 0.0, 0.0, 0.0, 0.0, 0.0, 1.0]"
1/-cdaaa-ca/2ga3.1edb3.1gefcc1.bgcedga.ccgdfaf.dfbbagd.dagcfdc,"[0.05392912030220032, 0.0030816642101854086, 0.7858243584632874, 0.016949152573943138, 0.013867488130927086, 0.10785824060440063, 0.0015408321050927043, 0.004622496198862791, 0.007704160176217556, 0.004622496198862791, 0.0, 0.0, 0.0, 0.0, 0.0, 0.0, 0.0, 0.0, 0.0, 0.0, 0.0, 0.0, 0.0, 0.0, 0.0, 0.0, 0.0, 0.0, 0.0, 0.0, 0.0, 0.0, 0.0, 0.0, 0.0, 0.0, 0.0, 0.0, 0.0, 0.0, 0.0, 0.0, 0.0, 0.0, 0.0, 0.0, 0.0, 0.0, -1.0]"
2/-cdaaaaa/2ga3.1edbf2.fgefcc1.bgcedga.ccgdfaf.dfbbagd.dagcfdc,"[0.0026413099840283394, 0.021130479872226715, 0.894347608089447, 0.005810881964862347, 0.003697834210470319, 0.026413101702928543, 0.0015847861068323255, 0.008980453945696354, 0.030639197677373886, 0.0015847861068323255, 0.0010565239936113358, 0.0021130479872226715, 0.0, 0.0, 0.0, 0.0, 0.0, 0.0, 0.0, 0.0, 0.0, 0.0, 0.0, 0.0, 0.0, 0.0, 0.0, 0.0, 0.0, 0.0, 0.0, 0.0, 0.0, 0.0, 0.0, 0.0, 0.0, 0.0, 0.0, 0.0, 0.0, 0.0, 0.0, 0.0, 0.0, 0.0, 0.0, 0.0, 0.0, 0.0, 0.0, 0.0, 1.0]"
1/-cbaaaaa/2gab2.bedbf2.fgefcc1.bgcedga.ccgdfaf.dfbbagd.dagcfdc,"[0.008722741156816483, 0.0024922117590904236, 0.8062305450439453, 0.05171339586377144, 0.0031152646988630295, 0.10654205828905106, 0.011838005855679512, 0.004984423518180847, 0.004361370578408241, 0.0, 0.0, 0.0, 0.0, 0.0, 0.0, 0.0, 0.0, 0.0, 0.0, 0.0, 0.0, 0.0, 0.0, 0.0, 0.0, 0.0, 0.0, 0.0, 0.0, 0.0, 0.0, 0.0, 0.0, 0.0, 0.0, 0.0, 0.0, 0.0, 0.0, 0.0, 0.0, 0.0, 0.0, 0.0, 0.0, 0.0, 0.0, 0.0, 0.0, 0.0, 0.0, -1.0]"
2/abaaaaa/2gab2.bedbfa1.fgefcca.bgcedga.ccgdfaf.dfbbagd.dagcfdc,"[0.0008143322193063796, 0.0008143322193063796, 0.11319218575954437, 0.0024429967161267996, 0.05048859864473343, 0.8192182183265686, 0.008143322542309761, 0.0024429967161267996, 0.0024429967161267996, 0.0, 0.0, 0.0, 0.0, 0.0, 0.0, 0.0, 0.0, 0.0, 0.0, 0.0, 0.0, 0.0, 0.0, 0.0, 0.0, 0.0, 0.0, 0.0, 0.0, 0.0, 0.0, 0.0, 0.0, 0.0, 0.0, 0.0, 0.0, 0.0, 0.0, 0.0, 0.0, 0.0, 0.0, 0.0, 0.0, 0.0, 0.0, 0.0, 0.0, 0.0, 0.0, 0.0, 0.0, 1.0]"
1/abaa-caa/1egabe1.bedbfa1.fgefcca.bgcedga.ccgdfaf.dfbbagd.dagcfdc,"[0.04609474912285805, 0.805377721786499, 0.00896286778151989, 0.023047374561429024, 0.08578745275735855, 0.01664532721042633, 0.014084506779909134, 0.0, 0.0, 0.0, 0.0, 0.0, 0.0, 0.0, 0.0, 0.0, 0.0, 0.0, 0.0, 0.0, 0.0, 0.0, 0.0, 0.0, 0.0, 0.0, 0.0, 0.0, 0.0, 0.0, 0.0, 0.0, 0.0, 0.0, 0.0, 0.0, 0.0, 0.0, 0.0, 0.0, 0.0, 0.0, 0.0, 0.0, 0.0, 0.0, 0.0, 0.0, 0.0, 0.0, 0.0, 0.0, 0.0, -1.0]"
2/abaaaaa/eegabe1.bedbfae.fgefcca.bgcedga.ccgdfaf.dfbbagd.dagcfdc,"[0.0030674845911562443, 0.2730061411857605, 0.41871166229248047, 0.2791410982608795, 0.00460122711956501, 0.015337423421442509, 0.0030674845911562443, 0.0015337422955781221, 0.0015337422955781221, 0.0, 0.0, 0.0, 0.0, 0.0, 0.0, 0.0, 0.0, 0.0, 0.0, 0.0, 0.0, 0.0, 0.0, 0.0, 0.0, 0.0, 0.0, 0.0, 0.0, 0.0, 0.0, 0.0, 0.0, 0.0, 0.0, 0.0, 0.0, 0.0, 0.0, 0.0, 0.0, 0.0, 0.0, 0.0, 0.0, 0.0, 0.0, 0.0, 0.0, 0.0, 0.0, 0.0, 0.0, 0.0, 0.0, 0.0, 0.0, 1.0]"
1/aaaaaaa/eegabeb.bedbfae.fgefcca.bgcedga.ccgdfaf.dfbbagd.dagcfdc,"[0.6366666555404663, 0.08833333104848862, 0.1966666728258133, 0.07833333313465118, 0.0, 0.0, 0.0, 0.0, 0.0, 0.0, 0.0, 0.0, 0.0, 0.0, 0.0, 0.0, 0.0, 0.0, 0.0, 0.0, 0.0, 0.0, 0.0, 0.0, 0.0, 0.0, 0.0, 0.0, 0.0, 0.0, 0.0, 0.0, 0.0, 0.0, 0.0, 0.0, 0.0, 0.0, 0.0, 0.0, 0.0, 0.0, 0.0, 0.0, 0.0, 0.0, 0.0, 0.0, 0.0, 0.0, 0.0, 0.0, 0.0, -1.0]"
